ID,Symbol,Type,Price,RSI,PnL,Timestamp,Status,Leverage
5e85fc49fce2f606,SYS/ARB,BUY,43014.89072087902,50,0.0000%,2026-01-11T15:34:16.908Z,ACTIVE,8
5e85fc49fce2f606,SYS/ARB,BUY,43014.89072087902,50,2.6348%,2026-01-11T15:34:16.908Z,CLOSED,8
6034da2120c1799e,SYS/ARB,BUY,43004.63383199538,50,0.0000%,2026-01-11T15:34:17.920Z,ACTIVE,15
6034da2120c1799e,SYS/ARB,BUY,43004.63383199538,50,8.2091%,2026-01-11T15:34:17.920Z,CLOSED,15
f18b4f86006e6a07,SYS/ARB,BUY,43025.429752463904,50,0.0000%,2026-01-11T15:34:18.933Z,ACTIVE,7
f18b4f86006e6a07,SYS/ARB,BUY,43025.429752463904,50,4.3839%,2026-01-11T15:34:18.933Z,CLOSED,7
e1251ad01c8bba92,SYS/ARB,BUY,43026.30859526314,50,0.0000%,2026-01-11T15:34:19.942Z,ACTIVE,1
a6543d20ca84a17e,SYS/ARB,BUY,43039.77667920872,50,0.0000%,2026-01-11T15:34:20.957Z,ACTIVE,4
a6543d20ca84a17e,SYS/ARB,BUY,43039.77667920872,50,1.5622%,2026-01-11T15:34:20.957Z,CLOSED,4
e6a627e7800b2f96,SYS/ARB,BUY,43025.167857724,50,0.0000%,2026-01-11T15:34:21.963Z,ACTIVE,3
e6a627e7800b2f96,SYS/ARB,BUY,43025.167857724,50,2.1683%,2026-01-11T15:34:21.963Z,CLOSED,3
2e59133992f2a581,SYS/ARB,BUY,43020.73791075978,50,0.0000%,2026-01-11T15:34:22.964Z,ACTIVE,15
2e59133992f2a581,SYS/ARB,BUY,43020.73791075978,50,9.1184%,2026-01-11T15:34:22.964Z,CLOSED,15
cb1668000267f98d,SYS/ARB,BUY,43032.48128128478,50,0.0000%,2026-01-11T15:34:23.978Z,ACTIVE,20
cb1668000267f98d,SYS/ARB,BUY,43032.48128128478,50,10.5197%,2026-01-11T15:34:23.978Z,CLOSED,20
ac733304febed2aa,SYS/ARB,BUY,43042.47203465501,50,0.0000%,2026-01-11T15:34:24.979Z,ACTIVE,11
ac733304febed2aa,SYS/ARB,BUY,43042.47203465501,50,7.1661%,2026-01-11T15:34:24.979Z,CLOSED,11
1f83e4d18f6e226c,SYS/ARB,BUY,43019.47563305267,50,0.0000%,2026-01-11T15:34:25.988Z,ACTIVE,9
1f83e4d18f6e226c,SYS/ARB,BUY,43019.47563305267,50,3.3221%,2026-01-11T15:34:25.988Z,CLOSED,9
2ce6430d933fc6a2,SYS/ARB,BUY,43036.00705884458,50,0.0000%,2026-01-11T15:34:27.002Z,ACTIVE,3
2ce6430d933fc6a2,SYS/ARB,BUY,43036.00705884458,50,1.9430%,2026-01-11T15:34:27.002Z,CLOSED,3
fde428971f10d06e,SYS/ARB,BUY,43034.180720887634,50,0.0000%,2026-01-11T15:34:28.014Z,ACTIVE,3
fde428971f10d06e,SYS/ARB,BUY,43034.180720887634,50,2.2012%,2026-01-11T15:34:28.014Z,CLOSED,3
8dabd2534ad4e8a7,SYS/ARB,BUY,43003.3027100257,50,0.0000%,2026-01-11T15:34:29.018Z,ACTIVE,12
8dabd2534ad4e8a7,SYS/ARB,BUY,43003.3027100257,50,5.7373%,2026-01-11T15:34:29.018Z,CLOSED,12
b9191b860fe3bb76,SYS/ARB,BUY,43014.13461895189,50,0.0000%,2026-01-11T15:34:30.032Z,ACTIVE,10
b9191b860fe3bb76,SYS/ARB,BUY,43014.13461895189,50,6.6913%,2026-01-11T15:34:30.032Z,CLOSED,10
522df770e7649af1,SYS/ARB,BUY,43039.963170601564,50,0.0000%,2026-01-11T15:34:31.040Z,ACTIVE,2
d9da399d47e8970f,SYS/ARB,BUY,43019.81579301785,50,0.0000%,2026-01-11T15:34:32.053Z,ACTIVE,13
d9da399d47e8970f,SYS/ARB,BUY,43019.81579301785,50,4.8168%,2026-01-11T15:34:32.053Z,CLOSED,13
aa7199e22cc8973a,SYS/ARB,BUY,43022.60435020507,50,0.0000%,2026-01-11T15:34:33.063Z,ACTIVE,10
aa7199e22cc8973a,SYS/ARB,BUY,43022.60435020507,50,5.0090%,2026-01-11T15:34:33.063Z,CLOSED,10
ed29a9b24d71d887,SYS/ARB,BUY,43010.809224439115,50,0.0000%,2026-01-11T15:34:34.066Z,ACTIVE,8
ed29a9b24d71d887,SYS/ARB,BUY,43010.809224439115,50,4.8120%,2026-01-11T15:34:34.066Z,CLOSED,8
c8ead8ffbf9e0ad7,SYS/ARB,BUY,43013.90548835777,50,0.0000%,2026-01-11T15:34:35.071Z,ACTIVE,2
5d6994ff63aa19aa,SYS/ARB,BUY,43012.63275850412,50,0.0000%,2026-01-11T15:34:36.072Z,ACTIVE,8
5d6994ff63aa19aa,SYS/ARB,BUY,43012.63275850412,50,3.2576%,2026-01-11T15:34:36.072Z,CLOSED,8
60affb4734dce21f,SYS/ARB,BUY,43019.801249381955,50,0.0000%,2026-01-11T15:34:37.087Z,ACTIVE,11
60affb4734dce21f,SYS/ARB,BUY,43019.801249381955,50,4.8748%,2026-01-11T15:34:37.087Z,CLOSED,11
933d24c738c12700,SYS/ARB,BUY,43000.98356489117,50,0.0000%,2026-01-11T15:34:38.103Z,ACTIVE,9
933d24c738c12700,SYS/ARB,BUY,43000.98356489117,50,3.3603%,2026-01-11T15:34:38.103Z,CLOSED,9
386711104d564f71,SYS/ARB,BUY,43035.34689517148,50,0.0000%,2026-01-11T15:34:39.118Z,ACTIVE,17
386711104d564f71,SYS/ARB,BUY,43035.34689517148,50,9.3780%,2026-01-11T15:34:39.118Z,CLOSED,17
c8ead8ffbf9e0ad7,SYS/ARB,BUY,43013.90548835777,50,1.5274%,2026-01-11T15:34:35.071Z,CLOSED,2
ad046d962544dd84,SYS/ARB,BUY,43015.86354297727,50,0.0000%,2026-01-11T15:34:42.140Z,ACTIVE,12
ad046d962544dd84,SYS/ARB,BUY,43015.86354297727,50,8.7041%,2026-01-11T15:34:42.140Z,CLOSED,12
d2469c539825da6a,SYS/ARB,BUY,43006.27640054195,50,0.0000%,2026-01-11T15:34:44.160Z,ACTIVE,15
d2469c539825da6a,SYS/ARB,BUY,43006.27640054195,50,6.4081%,2026-01-11T15:34:44.160Z,CLOSED,15
9fcbfbe33677e0dd,SYS/ARB,BUY,43010.542632047895,50,0.0000%,2026-01-11T15:34:45.172Z,ACTIVE,7
9fcbfbe33677e0dd,SYS/ARB,BUY,43010.542632047895,50,5.2774%,2026-01-11T15:34:45.172Z,CLOSED,7
7349360ee86c9398,SYS/ARB,BUY,43033.16360270873,50,0.0000%,2026-01-11T15:34:46.173Z,ACTIVE,10
7349360ee86c9398,SYS/ARB,BUY,43033.16360270873,50,5.8721%,2026-01-11T15:34:46.173Z,CLOSED,10
1b7e8519ccdeb766,SYS/ARB,BUY,43048.09812742826,50,0.0000%,2026-01-11T15:34:47.182Z,ACTIVE,2
6b5b2c702952ba1f,SYS/ARB,BUY,43027.71354649885,50,0.0000%,2026-01-11T15:34:48.186Z,ACTIVE,11
6b5b2c702952ba1f,SYS/ARB,BUY,43027.71354649885,50,5.9794%,2026-01-11T15:34:48.186Z,CLOSED,11
c71de22e073dfc0d,SYS/ARB,BUY,43043.3383567038,50,0.0000%,2026-01-11T15:34:49.188Z,ACTIVE,12
c71de22e073dfc0d,SYS/ARB,BUY,43043.3383567038,50,3.3322%,2026-01-11T15:34:49.188Z,CLOSED,12
6319170a95bffbb9,SYS/ARB,BUY,43017.908973955724,50,0.0000%,2026-01-11T15:34:51.199Z,ACTIVE,6
6319170a95bffbb9,SYS/ARB,BUY,43017.908973955724,50,3.1870%,2026-01-11T15:34:51.199Z,CLOSED,6
28a228834d3f6cc3,SYS/ARB,BUY,43033.77612138168,50,0.0000%,2026-01-11T15:51:00.581Z,ACTIVE,15
28a228834d3f6cc3,SYS/ARB,BUY,43033.77612138168,50,6.0617%,2026-01-11T15:51:00.581Z,CLOSED,15
66156ca89354f741,SYS/ARB,BUY,43001.422495811785,50,0.0000%,2026-01-11T15:51:01.588Z,ACTIVE,3
66156ca89354f741,SYS/ARB,BUY,43001.422495811785,50,2.2551%,2026-01-11T15:51:01.588Z,CLOSED,3
b8d56e23df496125,SYS/ARB,BUY,43020.05220823372,50,0.0000%,2026-01-11T15:51:02.595Z,ACTIVE,11
b8d56e23df496125,SYS/ARB,BUY,43020.05220823372,50,8.3504%,2026-01-11T15:51:02.595Z,CLOSED,11
7527138b9e803257,SYS/ARB,BUY,43048.3787583532,50,0.0000%,2026-01-11T15:51:03.604Z,ACTIVE,5
7527138b9e803257,SYS/ARB,BUY,43048.3787583532,50,2.4416%,2026-01-11T15:51:03.604Z,CLOSED,5
8c1911f350d33de7,SYS/ARB,BUY,43033.45597058945,50,0.0000%,2026-01-11T15:51:04.609Z,ACTIVE,14
8c1911f350d33de7,SYS/ARB,BUY,43033.45597058945,50,5.0936%,2026-01-11T15:51:04.609Z,CLOSED,14
c582a7dd6db119a6,SYS/ARB,BUY,43034.31690020673,50,0.0000%,2026-01-11T15:51:05.618Z,ACTIVE,14
c582a7dd6db119a6,SYS/ARB,BUY,43034.31690020673,50,9.5491%,2026-01-11T15:51:05.618Z,CLOSED,14
617a2d72e57ba800,SYS/ARB,BUY,43019.64757105968,50,0.0000%,2026-01-11T15:51:06.622Z,ACTIVE,17
617a2d72e57ba800,SYS/ARB,BUY,43019.64757105968,50,6.4656%,2026-01-11T15:51:06.622Z,CLOSED,17
f4a19e4de94aacbb,SYS/ARB,BUY,43005.42576479753,50,0.0000%,2026-01-11T15:51:07.631Z,ACTIVE,7
f4a19e4de94aacbb,SYS/ARB,BUY,43005.42576479753,50,4.7870%,2026-01-11T15:51:07.631Z,CLOSED,7
b86dddf8dfc81939,SYS/ARB,BUY,43000.27348487082,50,0.0000%,2026-01-11T15:51:08.645Z,ACTIVE,10
b86dddf8dfc81939,SYS/ARB,BUY,43000.27348487082,50,5.7250%,2026-01-11T15:51:08.645Z,CLOSED,10
d129e3e9d56588de,SYS/ARB,BUY,43043.5091054896,50,0.0000%,2026-01-11T15:51:09.649Z,ACTIVE,18
d129e3e9d56588de,SYS/ARB,BUY,43043.5091054896,50,5.9046%,2026-01-11T15:51:09.649Z,CLOSED,18
2e0a90272187ca20,SYS/ARB,BUY,43009.75153339211,50,0.0000%,2026-01-11T15:51:10.656Z,ACTIVE,16
2e0a90272187ca20,SYS/ARB,BUY,43009.75153339211,50,6.3762%,2026-01-11T15:51:10.656Z,CLOSED,16
3edfb91baabb6ce5,SYS/ARB,BUY,43034.267385198036,50,0.0000%,2026-01-11T15:51:11.658Z,ACTIVE,3
3edfb91baabb6ce5,SYS/ARB,BUY,43034.267385198036,50,1.8677%,2026-01-11T15:51:11.658Z,CLOSED,3
a6b1827aecd3a0be,SYS/ARB,BUY,43044.29407538577,50,0.0000%,2026-01-11T15:51:12.662Z,ACTIVE,15
a6b1827aecd3a0be,SYS/ARB,BUY,43044.29407538577,50,4.3657%,2026-01-11T15:51:12.662Z,CLOSED,15
e94c699c63502379,SYS/ARB,BUY,43040.89184640225,50,0.0000%,2026-01-11T15:51:13.667Z,ACTIVE,18
e94c699c63502379,SYS/ARB,BUY,43040.89184640225,50,5.1215%,2026-01-11T15:51:13.667Z,CLOSED,18
ac66bab6788b6f09,SYS/ARB,BUY,43003.22383352455,50,0.0000%,2026-01-11T15:51:14.679Z,ACTIVE,8
ac66bab6788b6f09,SYS/ARB,BUY,43003.22383352455,50,6.1980%,2026-01-11T15:51:14.679Z,CLOSED,8
b207370ce6531603,SYS/ARB,BUY,43023.94960746938,50,0.0000%,2026-01-11T15:51:15.692Z,ACTIVE,18
b207370ce6531603,SYS/ARB,BUY,43023.94960746938,50,9.4999%,2026-01-11T15:51:15.692Z,CLOSED,18
48037930ba6d7b26,SYS/ARB,BUY,43003.4527146649,50,0.0000%,2026-01-11T15:51:16.700Z,ACTIVE,19
48037930ba6d7b26,SYS/ARB,BUY,43003.4527146649,50,10.7323%,2026-01-11T15:51:16.700Z,CLOSED,19
0efc327f24d372a9,SYS/ARB,BUY,43009.383445859996,50,0.0000%,2026-01-11T15:51:17.715Z,ACTIVE,16
0efc327f24d372a9,SYS/ARB,BUY,43009.383445859996,50,7.6147%,2026-01-11T15:51:17.715Z,CLOSED,16
824e8b2b5ce85721,SYS/ARB,BUY,43032.45579852944,50,0.0000%,2026-01-11T15:51:18.729Z,ACTIVE,10
824e8b2b5ce85721,SYS/ARB,BUY,43032.45579852944,50,6.6535%,2026-01-11T15:51:18.729Z,CLOSED,10
95406942dd233346,SYS/ARB,BUY,43013.768360578724,50,0.0000%,2026-01-11T15:51:19.729Z,ACTIVE,16
95406942dd233346,SYS/ARB,BUY,43013.768360578724,50,6.6922%,2026-01-11T15:51:19.729Z,CLOSED,16
a252fa48d1fda744,SYS/ARB,BUY,43002.571284665006,50,0.0000%,2026-01-11T15:51:20.741Z,ACTIVE,4
a252fa48d1fda744,SYS/ARB,BUY,43002.571284665006,50,2.5261%,2026-01-11T15:51:20.741Z,CLOSED,4
e46e02651d254835,SYS/ARB,BUY,43041.78947973616,50,0.0000%,2026-01-11T15:51:21.742Z,ACTIVE,15
e46e02651d254835,SYS/ARB,BUY,43041.78947973616,50,5.5211%,2026-01-11T15:51:21.742Z,CLOSED,15
58bda992e3a9b80c,SYS/ARB,BUY,43006.70112636292,50,0.0000%,2026-01-11T15:51:22.747Z,ACTIVE,9
58bda992e3a9b80c,SYS/ARB,BUY,43006.70112636292,50,4.0012%,2026-01-11T15:51:22.747Z,CLOSED,9
8063a13f2c6ba7ff,SYS/ARB,BUY,43010.02762061074,50,0.0000%,2026-01-11T15:51:23.752Z,ACTIVE,20
8063a13f2c6ba7ff,SYS/ARB,BUY,43010.02762061074,50,7.6595%,2026-01-11T15:51:23.752Z,CLOSED,20
17d32840b277a60c,SYS/ARB,BUY,43025.712256180435,50,0.0000%,2026-01-11T15:51:24.765Z,ACTIVE,1
50f58cd6216480e6,SYS/ARB,BUY,43005.39036873358,50,0.0000%,2026-01-11T15:51:25.777Z,ACTIVE,10
50f58cd6216480e6,SYS/ARB,BUY,43005.39036873358,50,3.7348%,2026-01-11T15:51:25.777Z,CLOSED,10
ea8e71983cb8518f,SYS/ARB,BUY,43021.08171461775,50,0.0000%,2026-01-11T15:51:26.786Z,ACTIVE,5
ea8e71983cb8518f,SYS/ARB,BUY,43021.08171461775,50,1.6485%,2026-01-11T15:51:26.786Z,CLOSED,5
917e873e33e9dd68,SYS/ARB,BUY,43032.97729756795,50,0.0000%,2026-01-11T15:51:27.787Z,ACTIVE,12
917e873e33e9dd68,SYS/ARB,BUY,43032.97729756795,50,3.9119%,2026-01-11T15:51:27.787Z,CLOSED,12
ef9fe3ba44b75a2c,SYS/ARB,BUY,43015.95094613151,50,0.0000%,2026-01-11T15:51:28.803Z,ACTIVE,7
ef9fe3ba44b75a2c,SYS/ARB,BUY,43015.95094613151,50,2.2972%,2026-01-11T15:51:28.803Z,CLOSED,7
62c63dde76b16ab7,SYS/ARB,BUY,43018.62068796972,50,0.0000%,2026-01-11T15:51:29.815Z,ACTIVE,10
62c63dde76b16ab7,SYS/ARB,BUY,43018.62068796972,50,3.1822%,2026-01-11T15:51:29.815Z,CLOSED,10
62477f86efcf630a,SYS/ARB,BUY,43030.32796866604,50,0.0000%,2026-01-11T15:51:30.827Z,ACTIVE,5
62477f86efcf630a,SYS/ARB,BUY,43030.32796866604,50,1.7181%,2026-01-11T15:51:30.827Z,CLOSED,5
167cf4a4526f37a5,SYS/ARB,BUY,43021.8071732596,50,0.0000%,2026-01-11T15:51:31.839Z,ACTIVE,18
167cf4a4526f37a5,SYS/ARB,BUY,43021.8071732596,50,9.4432%,2026-01-11T15:51:31.839Z,CLOSED,18
1207e425aeaeada4,SYS/ARB,BUY,43033.51069896482,50,0.0000%,2026-01-11T15:51:32.839Z,ACTIVE,16
1207e425aeaeada4,SYS/ARB,BUY,43033.51069896482,50,8.0128%,2026-01-11T15:51:32.839Z,CLOSED,16
1f2e8fb4ddbba855,SYS/ARB,BUY,43041.620419307306,50,0.0000%,2026-01-11T15:51:33.853Z,ACTIVE,4
1f2e8fb4ddbba855,SYS/ARB,BUY,43041.620419307306,50,1.7286%,2026-01-11T15:51:33.853Z,CLOSED,4
94a6c75f6558a3b5,SYS/ARB,BUY,43006.2272411632,50,0.0000%,2026-01-11T15:51:34.865Z,ACTIVE,15
94a6c75f6558a3b5,SYS/ARB,BUY,43006.2272411632,50,11.3278%,2026-01-11T15:51:34.865Z,CLOSED,15
92f45e42c44f59e0,SYS/ARB,BUY,43027.16209487386,50,0.0000%,2026-01-11T15:51:35.870Z,ACTIVE,20
92f45e42c44f59e0,SYS/ARB,BUY,43027.16209487386,50,6.8350%,2026-01-11T15:51:35.870Z,CLOSED,20
83047595ee2966af,SYS/ARB,BUY,43040.8225582248,50,0.0000%,2026-01-11T15:51:36.885Z,ACTIVE,4
83047595ee2966af,SYS/ARB,BUY,43040.8225582248,50,2.4092%,2026-01-11T15:51:36.885Z,CLOSED,4
f4d234990c612871,SYS/ARB,BUY,43023.707792577516,50,0.0000%,2026-01-11T15:51:37.885Z,ACTIVE,8
f4d234990c612871,SYS/ARB,BUY,43023.707792577516,50,4.4397%,2026-01-11T15:51:37.885Z,CLOSED,8
0f8d5a87aeebd826,SYS/ARB,BUY,43018.79182265722,50,0.0000%,2026-01-11T15:51:38.888Z,ACTIVE,10
0f8d5a87aeebd826,SYS/ARB,BUY,43018.79182265722,50,4.5339%,2026-01-11T15:51:38.888Z,CLOSED,10
fe9c6eb2aefa1be1,SYS/ARB,BUY,43035.2574160356,50,0.0000%,2026-01-11T15:51:39.902Z,ACTIVE,2
a27a3c1b35ffac90,SYS/ARB,BUY,43042.22999306899,50,0.0000%,2026-01-11T15:51:40.912Z,ACTIVE,17
a27a3c1b35ffac90,SYS/ARB,BUY,43042.22999306899,50,9.4076%,2026-01-11T15:51:40.912Z,CLOSED,17
48971d0143554270,SYS/ARB,BUY,43027.9815568771,50,0.0000%,2026-01-11T15:51:41.927Z,ACTIVE,15
48971d0143554270,SYS/ARB,BUY,43027.9815568771,50,4.8980%,2026-01-11T15:51:41.927Z,CLOSED,15
94e73e7ef18b6ffd,SYS/ARB,BUY,43046.33016661418,50,0.0000%,2026-01-11T15:51:42.938Z,ACTIVE,17
94e73e7ef18b6ffd,SYS/ARB,BUY,43046.33016661418,50,10.6702%,2026-01-11T15:51:42.938Z,CLOSED,17
81063919d00aa9e2,SYS/ARB,BUY,43005.636274822056,50,0.0000%,2026-01-11T15:51:43.944Z,ACTIVE,17
81063919d00aa9e2,SYS/ARB,BUY,43005.636274822056,50,11.1119%,2026-01-11T15:51:43.944Z,CLOSED,17
ae9bb69026db09cb,SYS/ARB,BUY,43002.6820189509,50,0.0000%,2026-01-11T15:51:44.945Z,ACTIVE,20
ae9bb69026db09cb,SYS/ARB,BUY,43002.6820189509,50,12.0162%,2026-01-11T15:51:44.945Z,CLOSED,20
b9256c1473a7bcb9,SYS/ARB,BUY,43011.988127264245,50,0.0000%,2026-01-11T15:51:45.944Z,ACTIVE,7
b9256c1473a7bcb9,SYS/ARB,BUY,43011.988127264245,50,4.3522%,2026-01-11T15:51:45.944Z,CLOSED,7
56b530f387124c03,SYS/ARB,BUY,43041.80077183372,50,0.0000%,2026-01-11T15:51:46.948Z,ACTIVE,4
56b530f387124c03,SYS/ARB,BUY,43041.80077183372,50,2.7409%,2026-01-11T15:51:46.948Z,CLOSED,4
457e4d843de21f0d,SYS/ARB,BUY,43038.43023191596,50,0.0000%,2026-01-11T15:51:47.953Z,ACTIVE,12
457e4d843de21f0d,SYS/ARB,BUY,43038.43023191596,50,3.1904%,2026-01-11T15:51:47.953Z,CLOSED,12
a705b3222087039d,SYS/ARB,BUY,43013.9062299089,50,0.0000%,2026-01-11T15:51:48.954Z,ACTIVE,19
a705b3222087039d,SYS/ARB,BUY,43013.9062299089,50,10.1136%,2026-01-11T15:51:48.954Z,CLOSED,19
310a6d94128d0a85,SYS/ARB,BUY,43034.55547369802,50,0.0000%,2026-01-11T15:51:49.970Z,ACTIVE,19
310a6d94128d0a85,SYS/ARB,BUY,43034.55547369802,50,6.8803%,2026-01-11T15:51:49.970Z,CLOSED,19
3736f4faf70d019c,SYS/ARB,BUY,43000.40648958871,50,0.0000%,2026-01-11T15:51:50.971Z,ACTIVE,8
3736f4faf70d019c,SYS/ARB,BUY,43000.40648958871,50,3.9292%,2026-01-11T15:51:50.971Z,CLOSED,8
0d4c68613372c174,SYS/ARB,BUY,43015.66932627428,50,0.0000%,2026-01-11T15:51:51.986Z,ACTIVE,20
0d4c68613372c174,SYS/ARB,BUY,43015.66932627428,50,7.4622%,2026-01-11T15:51:51.986Z,CLOSED,20
50e953c4a763f66f,SYS/ARB,BUY,43035.14265449384,50,0.0000%,2026-01-11T15:51:52.989Z,ACTIVE,7
50e953c4a763f66f,SYS/ARB,BUY,43035.14265449384,50,2.6359%,2026-01-11T15:51:52.989Z,CLOSED,7
c749f9eab01232dd,SYS/ARB,BUY,43007.75229521339,50,0.0000%,2026-01-11T15:51:53.994Z,ACTIVE,5
c749f9eab01232dd,SYS/ARB,BUY,43007.75229521339,50,2.8903%,2026-01-11T15:51:53.994Z,CLOSED,5
661335860feb8e41,SYS/ARB,BUY,43012.34622096013,50,0.0000%,2026-01-11T15:51:55.005Z,ACTIVE,2
af41fc7927b42273,SYS/ARB,BUY,43035.352506440395,50,0.0000%,2026-01-11T15:51:56.017Z,ACTIVE,6
af41fc7927b42273,SYS/ARB,BUY,43035.352506440395,50,3.7722%,2026-01-11T15:51:56.017Z,CLOSED,6
8f57e87f4bb8d4e4,SYS/ARB,BUY,43036.86896641619,50,0.0000%,2026-01-11T15:51:57.031Z,ACTIVE,19
8f57e87f4bb8d4e4,SYS/ARB,BUY,43036.86896641619,50,10.4279%,2026-01-11T15:51:57.031Z,CLOSED,19
3d82f2128adbe06b,SYS/ARB,BUY,43002.62945478264,50,0.0000%,2026-01-11T15:51:58.043Z,ACTIVE,5
3d82f2128adbe06b,SYS/ARB,BUY,43002.62945478264,50,2.7009%,2026-01-11T15:51:58.043Z,CLOSED,5
3db6fc930563c91c,SYS/ARB,BUY,43019.74315403597,50,0.0000%,2026-01-11T15:51:59.055Z,ACTIVE,16
3db6fc930563c91c,SYS/ARB,BUY,43019.74315403597,50,7.0342%,2026-01-11T15:51:59.055Z,CLOSED,16
d11a6442e2bceca7,SYS/ARB,BUY,43006.5209075256,50,0.0000%,2026-01-11T15:52:00.070Z,ACTIVE,18
d11a6442e2bceca7,SYS/ARB,BUY,43006.5209075256,50,11.6175%,2026-01-11T15:52:00.070Z,CLOSED,18
834b68177e54100e,SYS/ARB,BUY,43004.576593566184,50,0.0000%,2026-01-11T15:52:01.084Z,ACTIVE,15
834b68177e54100e,SYS/ARB,BUY,43004.576593566184,50,11.4707%,2026-01-11T15:52:01.084Z,CLOSED,15
8abf1bb64a22c298,SYS/ARB,BUY,43018.614965339,50,0.0000%,2026-01-11T15:52:02.085Z,ACTIVE,3
8abf1bb64a22c298,SYS/ARB,BUY,43018.614965339,50,1.7831%,2026-01-11T15:52:02.085Z,CLOSED,3
3fb62ec69a9f2189,SYS/ARB,BUY,43005.900707453846,50,0.0000%,2026-01-11T15:52:03.099Z,ACTIVE,20
3fb62ec69a9f2189,SYS/ARB,BUY,43005.900707453846,50,8.5594%,2026-01-11T15:52:03.099Z,CLOSED,20
1fd23faea85c953a,SYS/ARB,BUY,43046.026053270165,50,0.0000%,2026-01-11T15:52:04.099Z,ACTIVE,14
1fd23faea85c953a,SYS/ARB,BUY,43046.026053270165,50,7.3819%,2026-01-11T15:52:04.099Z,CLOSED,14
deaf3de897278513,SYS/ARB,BUY,43028.21089935963,50,0.0000%,2026-01-11T15:52:05.111Z,ACTIVE,5
deaf3de897278513,SYS/ARB,BUY,43028.21089935963,50,2.4266%,2026-01-11T15:52:05.111Z,CLOSED,5
324b1a7eb1c3b88f,SYS/ARB,BUY,43045.70825812203,50,0.0000%,2026-01-11T15:52:06.126Z,ACTIVE,2
a92344dd0f92158e,SYS/ARB,BUY,43010.137794654605,50,0.0000%,2026-01-11T15:52:07.135Z,ACTIVE,3
a92344dd0f92158e,SYS/ARB,BUY,43010.137794654605,50,2.0190%,2026-01-11T15:52:07.135Z,CLOSED,3
e6d9ee0d82887b66,SYS/ARB,BUY,43040.878169128366,50,0.0000%,2026-01-11T15:52:08.137Z,ACTIVE,19
e6d9ee0d82887b66,SYS/ARB,BUY,43040.878169128366,50,8.2115%,2026-01-11T15:52:08.137Z,CLOSED,19
bacc5274800abeb3,SYS/ARB,BUY,43044.609494708,50,0.0000%,2026-01-11T15:52:09.146Z,ACTIVE,17
bacc5274800abeb3,SYS/ARB,BUY,43044.609494708,50,9.8309%,2026-01-11T15:52:09.146Z,CLOSED,17
a67aa6663d733112,SYS/ARB,BUY,43048.51880185064,50,0.0000%,2026-01-11T15:52:10.157Z,ACTIVE,16
a67aa6663d733112,SYS/ARB,BUY,43048.51880185064,50,6.1724%,2026-01-11T15:52:10.157Z,CLOSED,16
a207ae5896db54af,SYS/ARB,BUY,43017.58329621115,50,0.0000%,2026-01-11T15:52:11.172Z,ACTIVE,17
a207ae5896db54af,SYS/ARB,BUY,43017.58329621115,50,6.8420%,2026-01-11T15:52:11.172Z,CLOSED,17
d8a295a50f134a16,SYS/ARB,BUY,43040.22388572285,50,0.0000%,2026-01-11T15:52:12.183Z,ACTIVE,7
d8a295a50f134a16,SYS/ARB,BUY,43040.22388572285,50,4.1488%,2026-01-11T15:52:12.183Z,CLOSED,7
dde34e3b3187c35d,SYS/ARB,BUY,43010.66406611471,50,0.0000%,2026-01-11T15:52:13.191Z,ACTIVE,10
dde34e3b3187c35d,SYS/ARB,BUY,43010.66406611471,50,4.2434%,2026-01-11T15:52:13.191Z,CLOSED,10
7ab1eea259a4ffd6,SYS/ARB,BUY,43046.513429594,50,0.0000%,2026-01-11T15:52:14.199Z,ACTIVE,17
661335860feb8e41,SYS/ARB,BUY,43012.34622096013,50,1.5205%,2026-01-11T15:51:55.005Z,CLOSED,2
7ab1eea259a4ffd6,SYS/ARB,BUY,43046.513429594,50,11.5648%,2026-01-11T15:52:14.199Z,CLOSED,17
f94a38ba3675e4b8,SYS/ARB,BUY,43037.65655223473,50,0.0000%,2026-01-11T15:52:15.205Z,ACTIVE,4
f94a38ba3675e4b8,SYS/ARB,BUY,43037.65655223473,50,1.7597%,2026-01-11T15:52:15.205Z,CLOSED,4
b90547abd2fd733e,SYS/ARB,BUY,43044.792033087404,50,0.0000%,2026-01-11T15:52:16.210Z,ACTIVE,12
b90547abd2fd733e,SYS/ARB,BUY,43044.792033087404,50,4.5179%,2026-01-11T15:52:16.210Z,CLOSED,12
1a1fa3531357a7d0,SYS/ARB,BUY,43027.02954875609,50,0.0000%,2026-01-11T15:52:17.217Z,ACTIVE,11
1a1fa3531357a7d0,SYS/ARB,BUY,43027.02954875609,50,4.1135%,2026-01-11T15:52:17.217Z,CLOSED,11
fab3da27c9d0723b,SYS/ARB,BUY,43002.6145087015,50,0.0000%,2026-01-11T15:52:18.230Z,ACTIVE,15
fab3da27c9d0723b,SYS/ARB,BUY,43002.6145087015,50,8.3299%,2026-01-11T15:52:18.230Z,CLOSED,15
c8acef44ff06b8e7,SYS/ARB,BUY,43030.94875390799,50,0.0000%,2026-01-11T15:52:19.232Z,ACTIVE,14
c8acef44ff06b8e7,SYS/ARB,BUY,43030.94875390799,50,9.1560%,2026-01-11T15:52:19.232Z,CLOSED,14
3a9139add4fc3fe2,SYS/ARB,BUY,43038.77782862159,50,0.0000%,2026-01-11T15:52:20.247Z,ACTIVE,8
3a9139add4fc3fe2,SYS/ARB,BUY,43038.77782862159,50,2.5796%,2026-01-11T15:52:20.247Z,CLOSED,8
5dfe5133285d66e7,SYS/ARB,BUY,43003.153664325844,50,0.0000%,2026-01-11T15:52:21.247Z,ACTIVE,9
5dfe5133285d66e7,SYS/ARB,BUY,43003.153664325844,50,6.1664%,2026-01-11T15:52:21.247Z,CLOSED,9
cb7a1039059fadb4,SYS/ARB,BUY,43043.47833530392,50,0.0000%,2026-01-11T15:52:22.253Z,ACTIVE,7
cb7a1039059fadb4,SYS/ARB,BUY,43043.47833530392,50,3.3687%,2026-01-11T15:52:22.253Z,CLOSED,7
a187a486db0da857,SYS/ARB,BUY,43026.120958119995,50,0.0000%,2026-01-11T15:52:23.263Z,ACTIVE,5
a187a486db0da857,SYS/ARB,BUY,43026.120958119995,50,2.5200%,2026-01-11T15:52:23.263Z,CLOSED,5
fed47fdacddd64f9,SYS/ARB,BUY,43021.56725948938,50,0.0000%,2026-01-11T15:52:24.276Z,ACTIVE,2
fed47fdacddd64f9,SYS/ARB,BUY,43021.56725948938,50,1.5250%,2026-01-11T15:52:24.276Z,CLOSED,2
44cd76ee13e06d1d,SYS/ARB,BUY,43041.47934447993,50,0.0000%,2026-01-11T15:52:25.289Z,ACTIVE,7
44cd76ee13e06d1d,SYS/ARB,BUY,43041.47934447993,50,4.6555%,2026-01-11T15:52:25.289Z,CLOSED,7
ef019f9af995cdf5,SYS/ARB,BUY,43049.7047755285,50,0.0000%,2026-01-11T15:52:26.295Z,ACTIVE,5
ef019f9af995cdf5,SYS/ARB,BUY,43049.7047755285,50,2.6876%,2026-01-11T15:52:26.295Z,CLOSED,5
28db687de67297c5,SYS/ARB,BUY,43042.89003638701,50,0.0000%,2026-01-11T15:52:27.308Z,ACTIVE,4
28db687de67297c5,SYS/ARB,BUY,43042.89003638701,50,1.5127%,2026-01-11T15:52:27.308Z,CLOSED,4
6c49099c1773b93c,SYS/ARB,BUY,43026.994840547966,50,0.0000%,2026-01-11T15:52:28.310Z,ACTIVE,14
6c49099c1773b93c,SYS/ARB,BUY,43026.994840547966,50,4.3087%,2026-01-11T15:52:28.310Z,CLOSED,14
408d7977be30f5bc,SYS/ARB,BUY,43003.97063543306,50,0.0000%,2026-01-11T15:52:29.323Z,ACTIVE,4
408d7977be30f5bc,SYS/ARB,BUY,43003.97063543306,50,2.1514%,2026-01-11T15:52:29.323Z,CLOSED,4
761c7ab39e2fc370,SYS/ARB,BUY,43049.72299436101,50,0.0000%,2026-01-11T15:52:30.338Z,ACTIVE,10
761c7ab39e2fc370,SYS/ARB,BUY,43049.72299436101,50,6.2482%,2026-01-11T15:52:30.338Z,CLOSED,10
f9e1c1c6d3dc9e07,SYS/ARB,BUY,43033.942806160485,50,0.0000%,2026-01-11T15:52:31.349Z,ACTIVE,20
f9e1c1c6d3dc9e07,SYS/ARB,BUY,43033.942806160485,50,7.2358%,2026-01-11T15:52:31.349Z,CLOSED,20
7ad4eaa4bd61b734,SYS/ARB,BUY,43025.189834479694,50,0.0000%,2026-01-11T15:52:32.353Z,ACTIVE,15
7ad4eaa4bd61b734,SYS/ARB,BUY,43025.189834479694,50,9.7402%,2026-01-11T15:52:32.353Z,CLOSED,15
f21bfdf976b62c53,SYS/ARB,BUY,43019.28634438247,50,0.0000%,2026-01-11T15:52:33.364Z,ACTIVE,7
f21bfdf976b62c53,SYS/ARB,BUY,43019.28634438247,50,5.0979%,2026-01-11T15:52:33.364Z,CLOSED,7
e7550c844f77dd9b,SYS/ARB,BUY,43030.18703824379,50,0.0000%,2026-01-11T15:52:34.372Z,ACTIVE,4
e7550c844f77dd9b,SYS/ARB,BUY,43030.18703824379,50,2.6743%,2026-01-11T15:52:34.372Z,CLOSED,4
dd62e27888acbb23,SYS/ARB,BUY,43001.16403101259,50,0.0000%,2026-01-11T15:52:35.377Z,ACTIVE,20
dd62e27888acbb23,SYS/ARB,BUY,43001.16403101259,50,14.7049%,2026-01-11T15:52:35.377Z,CLOSED,20
0f9ac91654261f9a,SYS/ARB,BUY,43009.992884242216,50,0.0000%,2026-01-11T15:52:36.384Z,ACTIVE,17
0f9ac91654261f9a,SYS/ARB,BUY,43009.992884242216,50,13.1788%,2026-01-11T15:52:36.384Z,CLOSED,17
67d5f17f9015b7c5,SYS/ARB,BUY,43032.62064819812,50,0.0000%,2026-01-11T15:52:37.394Z,ACTIVE,15
67d5f17f9015b7c5,SYS/ARB,BUY,43032.62064819812,50,7.6103%,2026-01-11T15:52:37.394Z,CLOSED,15
f51f8f3d977e620b,SYS/ARB,BUY,43024.16346270959,50,0.0000%,2026-01-11T15:52:38.402Z,ACTIVE,3
f51f8f3d977e620b,SYS/ARB,BUY,43024.16346270959,50,2.2399%,2026-01-11T15:52:38.402Z,CLOSED,3
68523b2216fed387,SYS/ARB,BUY,43039.39532742695,50,0.0000%,2026-01-11T15:52:39.413Z,ACTIVE,12
68523b2216fed387,SYS/ARB,BUY,43039.39532742695,50,5.3714%,2026-01-11T15:52:39.413Z,CLOSED,12
6c9c8d81e925bab6,SYS/ARB,BUY,43027.053781659146,50,0.0000%,2026-01-11T15:52:40.423Z,ACTIVE,15
6c9c8d81e925bab6,SYS/ARB,BUY,43027.053781659146,50,5.2741%,2026-01-11T15:52:40.423Z,CLOSED,15
d60980fc6844d387,SYS/ARB,BUY,43008.42693297815,50,0.0000%,2026-01-11T15:52:41.432Z,ACTIVE,11
d60980fc6844d387,SYS/ARB,BUY,43008.42693297815,50,7.6648%,2026-01-11T15:52:41.432Z,CLOSED,11
415fcad12c19fe27,SYS/ARB,BUY,43043.14807750433,50,0.0000%,2026-01-11T15:52:42.446Z,ACTIVE,17
415fcad12c19fe27,SYS/ARB,BUY,43043.14807750433,50,8.3798%,2026-01-11T15:52:42.446Z,CLOSED,17
6e45e1876412eca1,SYS/ARB,BUY,43033.83370357417,50,0.0000%,2026-01-11T15:52:43.455Z,ACTIVE,7
6e45e1876412eca1,SYS/ARB,BUY,43033.83370357417,50,4.8969%,2026-01-11T15:52:43.455Z,CLOSED,7
225a7617e5433f5f,SYS/ARB,BUY,43002.39135166852,50,0.0000%,2026-01-11T15:52:44.470Z,ACTIVE,12
225a7617e5433f5f,SYS/ARB,BUY,43002.39135166852,50,5.9554%,2026-01-11T15:52:44.470Z,CLOSED,12
cc7f6a831100f3fb,SYS/ARB,BUY,43045.19258657668,50,0.0000%,2026-01-11T15:52:45.485Z,ACTIVE,6
cc7f6a831100f3fb,SYS/ARB,BUY,43045.19258657668,50,2.9601%,2026-01-11T15:52:45.485Z,CLOSED,6
aa39966c770537d7,SYS/ARB,BUY,43006.0332257869,50,0.0000%,2026-01-11T15:52:46.494Z,ACTIVE,2
027b95f8bfb658d8,SYS/ARB,BUY,43001.036213761545,50,0.0000%,2026-01-11T15:52:47.508Z,ACTIVE,10
027b95f8bfb658d8,SYS/ARB,BUY,43001.036213761545,50,4.4550%,2026-01-11T15:52:47.508Z,CLOSED,10
dc668bc0abc1aacc,SYS/ARB,BUY,43009.63087174133,50,0.0000%,2026-01-11T15:52:48.514Z,ACTIVE,8
dc668bc0abc1aacc,SYS/ARB,BUY,43009.63087174133,50,3.8509%,2026-01-11T15:52:48.514Z,CLOSED,8
aa39966c770537d7,SYS/ARB,BUY,43006.0332257869,50,1.5763%,2026-01-11T15:52:46.494Z,CLOSED,2
eb7230e93d6656ff,SYS/ARB,BUY,43031.23485654374,50,0.0000%,2026-01-11T15:52:49.525Z,ACTIVE,14
eb7230e93d6656ff,SYS/ARB,BUY,43031.23485654374,50,6.4506%,2026-01-11T15:52:49.525Z,CLOSED,14
88e9d02ee8e7e92b,SYS/ARB,BUY,43012.83833443973,50,0.0000%,2026-01-11T15:52:50.537Z,ACTIVE,3
88e9d02ee8e7e92b,SYS/ARB,BUY,43012.83833443973,50,2.0459%,2026-01-11T15:52:50.537Z,CLOSED,3
d6acad08031805d0,SYS/ARB,BUY,43018.19425705553,50,0.0000%,2026-01-11T15:52:51.541Z,ACTIVE,17
d6acad08031805d0,SYS/ARB,BUY,43018.19425705553,50,6.2062%,2026-01-11T15:52:51.541Z,CLOSED,17
7003737086e4f448,SYS/ARB,BUY,43007.39086093436,50,0.0000%,2026-01-11T15:52:52.543Z,ACTIVE,6
7003737086e4f448,SYS/ARB,BUY,43007.39086093436,50,4.1257%,2026-01-11T15:52:52.543Z,CLOSED,6
4b8c0ef89e759206,SYS/ARB,BUY,43029.75926858438,50,0.0000%,2026-01-11T15:52:53.547Z,ACTIVE,4
4b8c0ef89e759206,SYS/ARB,BUY,43029.75926858438,50,2.0758%,2026-01-11T15:52:53.547Z,CLOSED,4
4a0b3cf3bd034058,SYS/ARB,BUY,43044.80156286865,50,0.0000%,2026-01-11T15:52:54.556Z,ACTIVE,6
4a0b3cf3bd034058,SYS/ARB,BUY,43044.80156286865,50,2.4924%,2026-01-11T15:52:54.556Z,CLOSED,6
4baf023963f52903,SYS/ARB,BUY,43009.16589257713,50,0.0000%,2026-01-11T15:52:55.571Z,ACTIVE,10
4baf023963f52903,SYS/ARB,BUY,43009.16589257713,50,3.4838%,2026-01-11T15:52:55.571Z,CLOSED,10
fe6c58ab35fe2377,SYS/ARB,BUY,43022.578266296696,50,0.0000%,2026-01-11T15:52:56.578Z,ACTIVE,16
fe6c58ab35fe2377,SYS/ARB,BUY,43022.578266296696,50,5.3926%,2026-01-11T15:52:56.578Z,CLOSED,16
840e3b6186012f8a,SYS/ARB,BUY,43036.05154428439,50,0.0000%,2026-01-11T15:52:57.586Z,ACTIVE,13
840e3b6186012f8a,SYS/ARB,BUY,43036.05154428439,50,8.5729%,2026-01-11T15:52:57.586Z,CLOSED,13
b180d9633b6b4c72,SYS/ARB,BUY,43010.32392280279,50,0.0000%,2026-01-11T15:52:58.586Z,ACTIVE,6
b180d9633b6b4c72,SYS/ARB,BUY,43010.32392280279,50,2.5616%,2026-01-11T15:52:58.586Z,CLOSED,6
48119d20d26dd983,SYS/ARB,BUY,43047.82973179345,50,0.0000%,2026-01-11T15:52:59.587Z,ACTIVE,20
48119d20d26dd983,SYS/ARB,BUY,43047.82973179345,50,5.3738%,2026-01-11T15:52:59.587Z,CLOSED,20
71efc9635c63ad89,SYS/ARB,BUY,43036.430765967554,50,0.0000%,2026-01-11T15:53:00.600Z,ACTIVE,14
71efc9635c63ad89,SYS/ARB,BUY,43036.430765967554,50,7.6689%,2026-01-11T15:53:00.600Z,CLOSED,14
508a029fb79850ff,SYS/ARB,BUY,43006.44159707681,50,0.0000%,2026-01-11T15:53:01.608Z,ACTIVE,13
508a029fb79850ff,SYS/ARB,BUY,43006.44159707681,50,9.6336%,2026-01-11T15:53:01.608Z,CLOSED,13
46b4003fdb21dda1,SYS/ARB,BUY,43005.798137362806,50,0.0000%,2026-01-11T15:53:02.618Z,ACTIVE,16
46b4003fdb21dda1,SYS/ARB,BUY,43005.798137362806,50,10.2982%,2026-01-11T15:53:02.618Z,CLOSED,16
187cd428a7f7ee23,SYS/ARB,BUY,43035.90739698467,50,0.0000%,2026-01-11T15:53:03.621Z,ACTIVE,16
187cd428a7f7ee23,SYS/ARB,BUY,43035.90739698467,50,10.1881%,2026-01-11T15:53:03.621Z,CLOSED,16
4629097dd1fe34e0,SYS/ARB,BUY,43010.93041231731,50,0.0000%,2026-01-11T15:53:04.633Z,ACTIVE,6
4629097dd1fe34e0,SYS/ARB,BUY,43010.93041231731,50,2.4266%,2026-01-11T15:53:04.633Z,CLOSED,6
1f24db6e6411a250,SYS/ARB,BUY,43041.45424515351,50,0.0000%,2026-01-11T15:53:05.636Z,ACTIVE,5
1f24db6e6411a250,SYS/ARB,BUY,43041.45424515351,50,2.0023%,2026-01-11T15:53:05.636Z,CLOSED,5
68326c0ba12c7a52,SYS/ARB,BUY,43039.23650956115,50,0.0000%,2026-01-11T15:53:06.651Z,ACTIVE,8
68326c0ba12c7a52,SYS/ARB,BUY,43039.23650956115,50,2.4989%,2026-01-11T15:53:06.651Z,CLOSED,8
285c9b8e327b717d,SYS/ARB,BUY,43040.34751618399,50,0.0000%,2026-01-11T15:53:07.664Z,ACTIVE,6
285c9b8e327b717d,SYS/ARB,BUY,43040.34751618399,50,3.5137%,2026-01-11T15:53:07.664Z,CLOSED,6
df31a69f4ddb0467,SYS/ARB,BUY,43011.655487642645,50,0.0000%,2026-01-11T15:53:08.676Z,ACTIVE,18
df31a69f4ddb0467,SYS/ARB,BUY,43011.655487642645,50,9.5583%,2026-01-11T15:53:08.676Z,CLOSED,18
f994eba245346415,SYS/ARB,BUY,43034.07566143514,50,0.0000%,2026-01-11T15:53:09.684Z,ACTIVE,13
f994eba245346415,SYS/ARB,BUY,43034.07566143514,50,8.4558%,2026-01-11T15:53:09.684Z,CLOSED,13
ee798e5031a309f2,SYS/ARB,BUY,43042.05562491202,50,0.0000%,2026-01-11T15:53:10.692Z,ACTIVE,11
ee798e5031a309f2,SYS/ARB,BUY,43042.05562491202,50,4.3158%,2026-01-11T15:53:10.692Z,CLOSED,11
846e9ce7aca385b5,SYS/ARB,BUY,43004.031343580486,50,0.0000%,2026-01-11T15:53:11.693Z,ACTIVE,18
846e9ce7aca385b5,SYS/ARB,BUY,43004.031343580486,50,14.1023%,2026-01-11T15:53:11.693Z,CLOSED,18
dd40be109cf70c4e,SYS/ARB,BUY,43023.88507765583,50,0.0000%,2026-01-11T15:53:12.706Z,ACTIVE,17
dd40be109cf70c4e,SYS/ARB,BUY,43023.88507765583,50,10.5019%,2026-01-11T15:53:12.706Z,CLOSED,17
ac2ce3b60cddbabd,SYS/ARB,BUY,43027.64536526014,50,0.0000%,2026-01-11T15:53:13.718Z,ACTIVE,7
ac2ce3b60cddbabd,SYS/ARB,BUY,43027.64536526014,50,2.8324%,2026-01-11T15:53:13.718Z,CLOSED,7
f6bc9e3b773c0386,SYS/ARB,BUY,43047.24697595117,50,0.0000%,2026-01-11T15:53:14.731Z,ACTIVE,17
f6bc9e3b773c0386,SYS/ARB,BUY,43047.24697595117,50,5.8129%,2026-01-11T15:53:14.731Z,CLOSED,17
43e0e4285f4bd0e5,SYS/ARB,BUY,43011.93062704288,50,0.0000%,2026-01-11T15:53:15.744Z,ACTIVE,3
43e0e4285f4bd0e5,SYS/ARB,BUY,43011.93062704288,50,2.0306%,2026-01-11T15:53:15.744Z,CLOSED,3
7a5e207818107053,SYS/ARB,BUY,43003.826310410754,50,0.0000%,2026-01-11T15:53:16.745Z,ACTIVE,3
7a5e207818107053,SYS/ARB,BUY,43003.826310410754,50,2.0732%,2026-01-11T15:53:16.745Z,CLOSED,3
fc5a38d3ead24fb8,SYS/ARB,BUY,43005.28554750397,50,0.0000%,2026-01-11T15:53:17.754Z,ACTIVE,14
fc5a38d3ead24fb8,SYS/ARB,BUY,43005.28554750397,50,7.7097%,2026-01-11T15:53:17.754Z,CLOSED,14
8568a2e27235775d,SYS/ARB,BUY,43048.43210990674,50,0.0000%,2026-01-11T15:53:18.759Z,ACTIVE,10
8568a2e27235775d,SYS/ARB,BUY,43048.43210990674,50,3.4240%,2026-01-11T15:53:18.759Z,CLOSED,10
48c2734fa43c1e09,SYS/ARB,BUY,43041.63309449643,50,0.0000%,2026-01-11T15:53:19.765Z,ACTIVE,15
48c2734fa43c1e09,SYS/ARB,BUY,43041.63309449643,50,8.6142%,2026-01-11T15:53:19.765Z,CLOSED,15
7b5591e381904057,SYS/ARB,BUY,43009.85427235672,50,0.0000%,2026-01-11T15:53:20.771Z,ACTIVE,4
7b5591e381904057,SYS/ARB,BUY,43009.85427235672,50,2.6292%,2026-01-11T15:53:20.771Z,CLOSED,4
c4b32631b544632e,SYS/ARB,BUY,43045.2491661182,50,0.0000%,2026-01-11T15:53:21.786Z,ACTIVE,20
c4b32631b544632e,SYS/ARB,BUY,43045.2491661182,50,7.5414%,2026-01-11T15:53:21.786Z,CLOSED,20
de4480b137bda708,SYS/ARB,BUY,43004.978718219136,50,0.0000%,2026-01-11T15:53:22.791Z,ACTIVE,3
de4480b137bda708,SYS/ARB,BUY,43004.978718219136,50,1.5482%,2026-01-11T15:53:22.791Z,CLOSED,3
f28b2159e6a73b43,SYS/ARB,BUY,43019.589658672994,50,0.0000%,2026-01-11T15:53:23.791Z,ACTIVE,6
f28b2159e6a73b43,SYS/ARB,BUY,43019.589658672994,50,2.4930%,2026-01-11T15:53:23.791Z,CLOSED,6
c19364b22a5553de,SYS/ARB,BUY,43021.68918471973,50,0.0000%,2026-01-11T15:53:24.805Z,ACTIVE,8
c19364b22a5553de,SYS/ARB,BUY,43021.68918471973,50,3.0300%,2026-01-11T15:53:24.805Z,CLOSED,8
e43bdfe4083802a9,SYS/ARB,BUY,43044.26809233888,50,0.0000%,2026-01-11T15:53:25.810Z,ACTIVE,15
e43bdfe4083802a9,SYS/ARB,BUY,43044.26809233888,50,9.4410%,2026-01-11T15:53:25.810Z,CLOSED,15
5c1ad1312483c8d2,SYS/ARB,BUY,43038.05062114732,50,0.0000%,2026-01-11T15:53:26.813Z,ACTIVE,17
5c1ad1312483c8d2,SYS/ARB,BUY,43038.05062114732,50,8.1877%,2026-01-11T15:53:26.813Z,CLOSED,17
e0b3029ffec5a148,SYS/ARB,BUY,43001.10459380839,50,0.0000%,2026-01-11T15:53:27.813Z,ACTIVE,19
e0b3029ffec5a148,SYS/ARB,BUY,43001.10459380839,50,10.6435%,2026-01-11T15:53:27.813Z,CLOSED,19
52b4a7b4279129cf,SYS/ARB,BUY,43008.77162695484,50,0.0000%,2026-01-11T15:53:28.813Z,ACTIVE,8
52b4a7b4279129cf,SYS/ARB,BUY,43008.77162695484,50,5.3547%,2026-01-11T15:53:28.813Z,CLOSED,8
9765c3e0c348d526,SYS/ARB,BUY,43035.189730187296,50,0.0000%,2026-01-11T15:53:29.823Z,ACTIVE,1
4a4048125d2acf2f,SYS/ARB,BUY,43037.787392956016,50,0.0000%,2026-01-11T15:53:30.829Z,ACTIVE,7
4a4048125d2acf2f,SYS/ARB,BUY,43037.787392956016,50,1.9720%,2026-01-11T15:53:30.829Z,CLOSED,7
8b2c587d52493550,SYS/ARB,BUY,43001.38520252886,50,0.0000%,2026-01-11T15:53:31.837Z,ACTIVE,12
8b2c587d52493550,SYS/ARB,BUY,43001.38520252886,50,7.5696%,2026-01-11T15:53:31.837Z,CLOSED,12
907293f518e5c37e,SYS/ARB,BUY,43045.12277470458,50,0.0000%,2026-01-11T15:53:32.839Z,ACTIVE,8
907293f518e5c37e,SYS/ARB,BUY,43045.12277470458,50,3.2528%,2026-01-11T15:53:32.839Z,CLOSED,8
b4ac8b58fe0433d0,SYS/ARB,BUY,43046.15109730837,50,0.0000%,2026-01-11T15:53:33.845Z,ACTIVE,4
b4ac8b58fe0433d0,SYS/ARB,BUY,43046.15109730837,50,1.9797%,2026-01-11T15:53:33.845Z,CLOSED,4
a6931c0fb968f833,SYS/ARB,BUY,43001.337250509336,50,0.0000%,2026-01-11T15:53:34.850Z,ACTIVE,3
a6931c0fb968f833,SYS/ARB,BUY,43001.337250509336,50,2.2152%,2026-01-11T15:53:34.850Z,CLOSED,3
c13a468d7c2a2195,SYS/ARB,BUY,43044.02455521176,50,0.0000%,2026-01-11T15:53:35.858Z,ACTIVE,12
c13a468d7c2a2195,SYS/ARB,BUY,43044.02455521176,50,6.9371%,2026-01-11T15:53:35.858Z,CLOSED,12
0b3a7de9895d8c2a,SYS/ARB,BUY,43025.496412412846,50,0.0000%,2026-01-11T15:53:36.867Z,ACTIVE,6
0b3a7de9895d8c2a,SYS/ARB,BUY,43025.496412412846,50,2.0113%,2026-01-11T15:53:36.867Z,CLOSED,6
186c432ac32820bd,SYS/ARB,BUY,43028.36472832747,50,0.0000%,2026-01-11T15:53:37.873Z,ACTIVE,7
186c432ac32820bd,SYS/ARB,BUY,43028.36472832747,50,4.3381%,2026-01-11T15:53:37.873Z,CLOSED,7
703026fc0b145664,SYS/ARB,BUY,43037.82066151223,50,0.0000%,2026-01-11T15:53:38.877Z,ACTIVE,16
703026fc0b145664,SYS/ARB,BUY,43037.82066151223,50,6.2549%,2026-01-11T15:53:38.877Z,CLOSED,16
cd38805edc7b16e0,SYS/ARB,BUY,43020.477840442065,50,0.0000%,2026-01-11T15:53:39.885Z,ACTIVE,12
cd38805edc7b16e0,SYS/ARB,BUY,43020.477840442065,50,4.7829%,2026-01-11T15:53:39.885Z,CLOSED,12
5712e0cb55647ce3,SYS/ARB,BUY,43041.97538638513,50,0.0000%,2026-01-11T15:53:40.900Z,ACTIVE,17
5712e0cb55647ce3,SYS/ARB,BUY,43041.97538638513,50,9.7260%,2026-01-11T15:53:40.900Z,CLOSED,17
d8e01cc29dc46e2a,SYS/ARB,BUY,43040.991057016356,50,0.0000%,2026-01-11T15:53:41.902Z,ACTIVE,12
d8e01cc29dc46e2a,SYS/ARB,BUY,43040.991057016356,50,4.6497%,2026-01-11T15:53:41.902Z,CLOSED,12
4e1019e2731e1c7d,SYS/ARB,BUY,43018.52920193523,50,0.0000%,2026-01-11T15:53:42.911Z,ACTIVE,20
4e1019e2731e1c7d,SYS/ARB,BUY,43018.52920193523,50,12.1303%,2026-01-11T15:53:42.911Z,CLOSED,20
0709ef8ae123abf8,SYS/ARB,BUY,43009.72874530948,50,0.0000%,2026-01-11T15:53:43.912Z,ACTIVE,9
0709ef8ae123abf8,SYS/ARB,BUY,43009.72874530948,50,4.6401%,2026-01-11T15:53:43.912Z,CLOSED,9
97a8bd2c490236a1,SYS/ARB,BUY,43028.68805032625,50,0.0000%,2026-01-11T15:53:44.916Z,ACTIVE,3
97a8bd2c490236a1,SYS/ARB,BUY,43028.68805032625,50,1.6921%,2026-01-11T15:53:44.916Z,CLOSED,3
0bb57d669d50ef51,SYS/ARB,BUY,43018.62826462809,50,0.0000%,2026-01-11T15:53:45.920Z,ACTIVE,15
0bb57d669d50ef51,SYS/ARB,BUY,43018.62826462809,50,6.9189%,2026-01-11T15:53:45.920Z,CLOSED,15
c0ea2d2d2a18d05f,SYS/ARB,BUY,43029.500340787,50,0.0000%,2026-01-11T15:53:46.929Z,ACTIVE,15
c0ea2d2d2a18d05f,SYS/ARB,BUY,43029.500340787,50,8.8286%,2026-01-11T15:53:46.929Z,CLOSED,15
068648a278ac09d7,SYS/ARB,BUY,43042.122455944074,50,0.0000%,2026-01-11T15:53:47.940Z,ACTIVE,13
068648a278ac09d7,SYS/ARB,BUY,43042.122455944074,50,8.4430%,2026-01-11T15:53:47.940Z,CLOSED,13
7db720470dbc61b0,SYS/ARB,BUY,43020.97532969658,50,0.0000%,2026-01-11T15:53:48.941Z,ACTIVE,6
7db720470dbc61b0,SYS/ARB,BUY,43020.97532969658,50,3.0253%,2026-01-11T15:53:48.941Z,CLOSED,6
e24b14c98c0171d0,SYS/ARB,BUY,43014.56044889198,50,0.0000%,2026-01-11T15:53:49.945Z,ACTIVE,10
e24b14c98c0171d0,SYS/ARB,BUY,43014.56044889198,50,6.2350%,2026-01-11T15:53:49.945Z,CLOSED,10
e2e19a526b5564d4,SYS/ARB,BUY,43002.67833008497,50,0.0000%,2026-01-11T15:53:50.946Z,ACTIVE,16
e2e19a526b5564d4,SYS/ARB,BUY,43002.67833008497,50,6.1326%,2026-01-11T15:53:50.946Z,CLOSED,16
c35489dad81e9c3a,SYS/ARB,BUY,43013.24894244147,50,0.0000%,2026-01-11T15:53:51.949Z,ACTIVE,2
c35489dad81e9c3a,SYS/ARB,BUY,43013.24894244147,50,1.5649%,2026-01-11T15:53:51.949Z,CLOSED,2
6cce5c50e5bd7e52,SYS/ARB,BUY,43027.73070028821,50,0.0000%,2026-01-11T15:53:53.957Z,ACTIVE,9
6cce5c50e5bd7e52,SYS/ARB,BUY,43027.73070028821,50,6.2954%,2026-01-11T15:53:53.957Z,CLOSED,9
593a4129b55551ca,SYS/ARB,BUY,43014.902138519385,50,0.0000%,2026-01-11T15:53:54.967Z,ACTIVE,11
593a4129b55551ca,SYS/ARB,BUY,43014.902138519385,50,3.4758%,2026-01-11T15:53:54.967Z,CLOSED,11
127418087f2caa7e,SYS/ARB,BUY,43043.0435705517,50,0.0000%,2026-01-11T15:53:55.979Z,ACTIVE,9
127418087f2caa7e,SYS/ARB,BUY,43043.0435705517,50,3.5953%,2026-01-11T15:53:55.979Z,CLOSED,9
baeb191f18bba7ed,SYS/ARB,BUY,43040.72108427973,50,0.0000%,2026-01-11T15:53:56.980Z,ACTIVE,1
9a44d33edf765831,SYS/ARB,BUY,43032.11908442186,50,0.0000%,2026-01-11T16:23:58.444Z,ACTIVE,14
9a44d33edf765831,SYS/ARB,BUY,43032.11908442186,50,10.1137%,2026-01-11T16:23:58.444Z,CLOSED,14
e9b7a42ad4f26a2a,SYS/ARB,BUY,43039.9492984147,50,0.0000%,2026-01-11T16:23:59.445Z,ACTIVE,8
e9b7a42ad4f26a2a,SYS/ARB,BUY,43039.9492984147,50,4.2657%,2026-01-11T16:23:59.445Z,CLOSED,8
aabf56cc93892c44,SYS/ARB,BUY,43044.50135724845,50,0.0000%,2026-01-11T16:24:00.447Z,ACTIVE,9
aabf56cc93892c44,SYS/ARB,BUY,43044.50135724845,50,2.6371%,2026-01-11T16:24:00.447Z,CLOSED,9
95dad86cb0546c11,SYS/ARB,BUY,43034.70879592437,50,0.0000%,2026-01-11T16:24:01.453Z,ACTIVE,2
a9f2203bf0def9ed,SYS/ARB,BUY,43042.596794378805,50,0.0000%,2026-01-11T16:24:02.460Z,ACTIVE,17
a9f2203bf0def9ed,SYS/ARB,BUY,43042.596794378805,50,8.0389%,2026-01-11T16:24:02.460Z,CLOSED,17
c280f83e3bfd701e,SYS/ARB,BUY,43008.043942479984,50,0.0000%,2026-01-11T16:24:03.462Z,ACTIVE,19
c280f83e3bfd701e,SYS/ARB,BUY,43008.043942479984,50,8.4693%,2026-01-11T16:24:03.462Z,CLOSED,19
0224ff4e791f7c98,SYS/ARB,BUY,43018.08758564883,50,0.0000%,2026-01-11T16:24:04.478Z,ACTIVE,20
0224ff4e791f7c98,SYS/ARB,BUY,43018.08758564883,50,13.6161%,2026-01-11T16:24:04.478Z,CLOSED,20
d50b1a228c222027,SYS/ARB,BUY,43044.70570901777,50,0.0000%,2026-01-11T16:24:05.482Z,ACTIVE,19
d50b1a228c222027,SYS/ARB,BUY,43044.70570901777,50,10.7158%,2026-01-11T16:24:05.482Z,CLOSED,19
c409f468fcea13c4,SYS/ARB,BUY,43020.44356186381,50,0.0000%,2026-01-11T16:24:06.484Z,ACTIVE,3
c409f468fcea13c4,SYS/ARB,BUY,43020.44356186381,50,1.7185%,2026-01-11T16:24:06.484Z,CLOSED,3
529ae1542475b8a9,SYS/ARB,BUY,43011.256533166415,50,0.0000%,2026-01-11T16:24:07.488Z,ACTIVE,9
529ae1542475b8a9,SYS/ARB,BUY,43011.256533166415,50,3.9397%,2026-01-11T16:24:07.488Z,CLOSED,9
8b13394bbcc2010e,SYS/ARB,BUY,43039.05250287779,50,0.0000%,2026-01-11T16:24:08.490Z,ACTIVE,13
8b13394bbcc2010e,SYS/ARB,BUY,43039.05250287779,50,3.8874%,2026-01-11T16:24:08.490Z,CLOSED,13
57ae715247058c71,SYS/ARB,BUY,43028.84669018753,50,0.0000%,2026-01-11T16:24:09.490Z,ACTIVE,4
57ae715247058c71,SYS/ARB,BUY,43028.84669018753,50,2.7197%,2026-01-11T16:24:09.490Z,CLOSED,4
e8e74dcc7190e7be,SYS/ARB,BUY,43023.73576392527,50,0.0000%,2026-01-11T16:24:10.496Z,ACTIVE,2
e8e74dcc7190e7be,SYS/ARB,BUY,43023.73576392527,50,1.5164%,2026-01-11T16:24:10.496Z,CLOSED,2
2f55fd709395b3d3,SYS/ARB,BUY,43029.65822628613,50,0.0000%,2026-01-11T16:24:11.501Z,ACTIVE,11
2f55fd709395b3d3,SYS/ARB,BUY,43029.65822628613,50,5.2905%,2026-01-11T16:24:11.501Z,CLOSED,11
ebe3644df2568b0d,SYS/ARB,BUY,43046.37822840102,50,0.0000%,2026-01-11T16:24:12.503Z,ACTIVE,12
ebe3644df2568b0d,SYS/ARB,BUY,43046.37822840102,50,5.2237%,2026-01-11T16:24:12.503Z,CLOSED,12
40e281d9063faaeb,SYS/ARB,BUY,43044.602550248834,50,0.0000%,2026-01-11T16:24:13.508Z,ACTIVE,19
40e281d9063faaeb,SYS/ARB,BUY,43044.602550248834,50,11.1852%,2026-01-11T16:24:13.508Z,CLOSED,19
04ea4a8128ae7b89,SYS/ARB,BUY,43016.7472394971,50,0.0000%,2026-01-11T16:24:14.510Z,ACTIVE,16
04ea4a8128ae7b89,SYS/ARB,BUY,43016.7472394971,50,10.6039%,2026-01-11T16:24:14.510Z,CLOSED,16
e1eb16aa20197ddc,SYS/ARB,BUY,43029.45947249855,50,0.0000%,2026-01-11T16:24:15.515Z,ACTIVE,17
e1eb16aa20197ddc,SYS/ARB,BUY,43029.45947249855,50,7.6706%,2026-01-11T16:24:15.515Z,CLOSED,17
542ccea0d9da09f1,SYS/ARB,BUY,43040.99932683249,50,0.0000%,2026-01-11T16:24:16.527Z,ACTIVE,14
542ccea0d9da09f1,SYS/ARB,BUY,43040.99932683249,50,9.6102%,2026-01-11T16:24:16.527Z,CLOSED,14
44f1e10e2a66d572,SYS/ARB,BUY,43007.233885468115,50,0.0000%,2026-01-11T16:24:17.531Z,ACTIVE,19
44f1e10e2a66d572,SYS/ARB,BUY,43007.233885468115,50,14.8158%,2026-01-11T16:24:17.531Z,CLOSED,19
ae80d1f72228f908,SYS/ARB,BUY,43012.88693456995,50,0.0000%,2026-01-11T16:24:18.539Z,ACTIVE,20
ae80d1f72228f908,SYS/ARB,BUY,43012.88693456995,50,10.5242%,2026-01-11T16:24:18.539Z,CLOSED,20
a2ee45d25a68ed3b,SYS/ARB,BUY,43014.9982018821,50,0.0000%,2026-01-11T16:24:19.552Z,ACTIVE,8
a2ee45d25a68ed3b,SYS/ARB,BUY,43014.9982018821,50,3.3893%,2026-01-11T16:24:19.552Z,CLOSED,8
32717b62b8917e0b,SYS/ARB,BUY,43021.27096791655,50,0.0000%,2026-01-11T16:24:20.569Z,ACTIVE,7
32717b62b8917e0b,SYS/ARB,BUY,43021.27096791655,50,4.1821%,2026-01-11T16:24:20.569Z,CLOSED,7
a9ddae1e7283cd7e,SYS/ARB,BUY,43009.52024664258,50,0.0000%,2026-01-11T16:24:21.571Z,ACTIVE,20
a9ddae1e7283cd7e,SYS/ARB,BUY,43009.52024664258,50,13.9968%,2026-01-11T16:24:21.571Z,CLOSED,20
a14cc0fe55bbc56e,SYS/ARB,BUY,43011.65967094992,50,0.0000%,2026-01-11T16:24:22.579Z,ACTIVE,7
a14cc0fe55bbc56e,SYS/ARB,BUY,43011.65967094992,50,4.1934%,2026-01-11T16:24:22.579Z,CLOSED,7
9b8b81ca5968f1f3,SYS/ARB,BUY,43013.32948180036,50,0.0000%,2026-01-11T16:24:23.584Z,ACTIVE,12
9b8b81ca5968f1f3,SYS/ARB,BUY,43013.32948180036,50,5.1478%,2026-01-11T16:24:23.584Z,CLOSED,12
b803825c2bec65da,SYS/ARB,BUY,43037.51612119094,50,0.0000%,2026-01-11T16:24:24.595Z,ACTIVE,9
b803825c2bec65da,SYS/ARB,BUY,43037.51612119094,50,4.4178%,2026-01-11T16:24:24.595Z,CLOSED,9
57761841dac92e0a,SYS/ARB,BUY,43015.301290424955,50,0.0000%,2026-01-11T16:24:25.611Z,ACTIVE,15
57761841dac92e0a,SYS/ARB,BUY,43015.301290424955,50,11.2011%,2026-01-11T16:24:25.611Z,CLOSED,15
b0ffa34ab8b06f58,SYS/ARB,BUY,43048.34861388701,50,0.0000%,2026-01-11T16:24:26.622Z,ACTIVE,18
b0ffa34ab8b06f58,SYS/ARB,BUY,43048.34861388701,50,6.4566%,2026-01-11T16:24:26.622Z,CLOSED,18
25af08edcca1ece7,SYS/ARB,BUY,43005.64622623943,50,0.0000%,2026-01-11T16:24:27.626Z,ACTIVE,11
25af08edcca1ece7,SYS/ARB,BUY,43005.64622623943,50,8.7458%,2026-01-11T16:24:27.626Z,CLOSED,11
fc763e8ed5bf0f69,SYS/ARB,BUY,43033.87049046137,50,0.0000%,2026-01-11T16:24:28.641Z,ACTIVE,12
fc763e8ed5bf0f69,SYS/ARB,BUY,43033.87049046137,50,6.7470%,2026-01-11T16:24:28.641Z,CLOSED,12
7b0e4471f09b1551,SYS/ARB,BUY,43019.55281456539,50,0.0000%,2026-01-11T16:24:29.654Z,ACTIVE,16
7b0e4471f09b1551,SYS/ARB,BUY,43019.55281456539,50,6.0905%,2026-01-11T16:24:29.654Z,CLOSED,16
e50f0049e7801de3,SYS/ARB,BUY,43033.83726497167,50,0.0000%,2026-01-11T16:24:30.658Z,ACTIVE,19
e50f0049e7801de3,SYS/ARB,BUY,43033.83726497167,50,12.8670%,2026-01-11T16:24:30.658Z,CLOSED,19
62bfa2db4884530d,SYS/ARB,BUY,43007.43740043191,50,0.0000%,2026-01-11T16:24:31.671Z,ACTIVE,18
62bfa2db4884530d,SYS/ARB,BUY,43007.43740043191,50,12.9598%,2026-01-11T16:24:31.671Z,CLOSED,18
cac7e26cf37164a4,SYS/ARB,BUY,43018.81221478734,50,0.0000%,2026-01-11T16:24:32.686Z,ACTIVE,19
cac7e26cf37164a4,SYS/ARB,BUY,43018.81221478734,50,9.3133%,2026-01-11T16:24:32.686Z,CLOSED,19
c81d21c0250a02ab,SYS/ARB,BUY,43037.33750405427,50,0.0000%,2026-01-11T16:24:33.701Z,ACTIVE,3
c81d21c0250a02ab,SYS/ARB,BUY,43037.33750405427,50,1.6646%,2026-01-11T16:24:33.701Z,CLOSED,3
32473adc960f6c15,SYS/ARB,BUY,43027.39981896892,50,0.0000%,2026-01-11T16:24:34.715Z,ACTIVE,15
32473adc960f6c15,SYS/ARB,BUY,43027.39981896892,50,9.4042%,2026-01-11T16:24:34.715Z,CLOSED,15
fa91a4219149b45e,SYS/ARB,BUY,43044.06620171498,50,0.0000%,2026-01-11T16:24:35.731Z,ACTIVE,8
fa91a4219149b45e,SYS/ARB,BUY,43044.06620171498,50,4.3657%,2026-01-11T16:24:35.731Z,CLOSED,8
6932ad65f60ce87f,SYS/ARB,BUY,43020.946914144595,50,0.0000%,2026-01-11T16:24:36.731Z,ACTIVE,19
6932ad65f60ce87f,SYS/ARB,BUY,43020.946914144595,50,5.8431%,2026-01-11T16:24:36.731Z,CLOSED,19
7615b00bace1de6c,SYS/ARB,BUY,43004.50509183105,50,0.0000%,2026-01-11T16:24:37.731Z,ACTIVE,16
7615b00bace1de6c,SYS/ARB,BUY,43004.50509183105,50,7.6669%,2026-01-11T16:24:37.731Z,CLOSED,16
a635cc9c99048e47,SYS/ARB,BUY,43017.96782031859,50,0.0000%,2026-01-11T16:24:38.731Z,ACTIVE,7
a635cc9c99048e47,SYS/ARB,BUY,43017.96782031859,50,5.3791%,2026-01-11T16:24:38.731Z,CLOSED,7
2dd634f8a208b864,SYS/ARB,BUY,43003.65398677118,50,0.0000%,2026-01-11T16:24:39.744Z,ACTIVE,6
2dd634f8a208b864,SYS/ARB,BUY,43003.65398677118,50,4.7572%,2026-01-11T16:24:39.744Z,CLOSED,6
9f175dff6961d047,SYS/ARB,BUY,43032.916007876236,50,0.0000%,2026-01-11T16:24:40.758Z,ACTIVE,15
9f175dff6961d047,SYS/ARB,BUY,43032.916007876236,50,9.3548%,2026-01-11T16:24:40.758Z,CLOSED,15
13a28367e71d4e54,SYS/ARB,BUY,43030.992013265255,50,0.0000%,2026-01-11T16:24:41.759Z,ACTIVE,19
13a28367e71d4e54,SYS/ARB,BUY,43030.992013265255,50,8.1225%,2026-01-11T16:24:41.759Z,CLOSED,19
f5e465fe90b78161,SYS/ARB,BUY,43025.513314319425,50,0.0000%,2026-01-11T16:24:42.770Z,ACTIVE,2
90d029c81b713107,SYS/ARB,BUY,43042.15490300862,50,0.0000%,2026-01-11T16:24:43.782Z,ACTIVE,20
90d029c81b713107,SYS/ARB,BUY,43042.15490300862,50,13.8832%,2026-01-11T16:24:43.782Z,CLOSED,20
60ae5dd44ed39be4,SYS/ARB,BUY,43033.09054976778,50,0.0000%,2026-01-11T16:24:44.790Z,ACTIVE,7
60ae5dd44ed39be4,SYS/ARB,BUY,43033.09054976778,50,3.8264%,2026-01-11T16:24:44.790Z,CLOSED,7
8550bd0514205a7d,SYS/ARB,BUY,43010.86584879419,50,0.0000%,2026-01-11T16:24:45.801Z,ACTIVE,13
8550bd0514205a7d,SYS/ARB,BUY,43010.86584879419,50,8.3406%,2026-01-11T16:24:45.801Z,CLOSED,13
2075f6dca73aca00,SYS/ARB,BUY,43031.35718152271,50,0.0000%,2026-01-11T16:24:46.812Z,ACTIVE,17
2075f6dca73aca00,SYS/ARB,BUY,43031.35718152271,50,12.2622%,2026-01-11T16:24:46.812Z,CLOSED,17
45d031c1c7991e9a,SYS/ARB,BUY,43037.10750162835,50,0.0000%,2026-01-11T16:24:47.817Z,ACTIVE,14
45d031c1c7991e9a,SYS/ARB,BUY,43037.10750162835,50,6.5345%,2026-01-11T16:24:47.817Z,CLOSED,14
f5e465fe90b78161,SYS/ARB,BUY,43025.513314319425,50,1.5042%,2026-01-11T16:24:42.770Z,CLOSED,2
f49492be809fc7bd,SYS/ARB,BUY,43000.952378783884,50,0.0000%,2026-01-11T16:24:48.831Z,ACTIVE,20
f49492be809fc7bd,SYS/ARB,BUY,43000.952378783884,50,14.3857%,2026-01-11T16:24:48.831Z,CLOSED,20
de40e9b54c12d243,SYS/ARB,BUY,43018.192494000396,50,0.0000%,2026-01-11T16:24:49.837Z,ACTIVE,6
de40e9b54c12d243,SYS/ARB,BUY,43018.192494000396,50,1.9991%,2026-01-11T16:24:49.837Z,CLOSED,6
5c8b83048c63a1ac,SYS/ARB,BUY,43011.92163215499,50,0.0000%,2026-01-11T16:24:50.847Z,ACTIVE,3
5c8b83048c63a1ac,SYS/ARB,BUY,43011.92163215499,50,1.5554%,2026-01-11T16:24:50.847Z,CLOSED,3
9e1d1dcd31aa4272,SYS/ARB,BUY,43040.83739999813,50,0.0000%,2026-01-11T16:24:51.855Z,ACTIVE,4
9e1d1dcd31aa4272,SYS/ARB,BUY,43040.83739999813,50,1.5888%,2026-01-11T16:24:51.855Z,CLOSED,4
795836e6df1b8edf,SYS/ARB,BUY,43036.82555286546,50,0.0000%,2026-01-11T16:24:52.868Z,ACTIVE,8
795836e6df1b8edf,SYS/ARB,BUY,43036.82555286546,50,5.4697%,2026-01-11T16:24:52.868Z,CLOSED,8
df8144d125293258,SYS/ARB,BUY,43036.40160166162,50,0.0000%,2026-01-11T16:24:53.875Z,ACTIVE,1
ec86a05634be147a,SYS/ARB,BUY,43012.61249591083,50,0.0000%,2026-01-11T16:24:54.890Z,ACTIVE,14
ec86a05634be147a,SYS/ARB,BUY,43012.61249591083,50,6.5826%,2026-01-11T16:24:54.890Z,CLOSED,14
5f4605b4df59a238,SYS/ARB,BUY,43021.463289126674,50,0.0000%,2026-01-11T16:24:55.895Z,ACTIVE,5
5f4605b4df59a238,SYS/ARB,BUY,43021.463289126674,50,3.3569%,2026-01-11T16:24:55.895Z,CLOSED,5
c2e55c21343d2f0d,SYS/ARB,BUY,43043.6252876617,50,0.0000%,2026-01-11T16:24:56.906Z,ACTIVE,7
c2e55c21343d2f0d,SYS/ARB,BUY,43043.6252876617,50,4.1652%,2026-01-11T16:24:56.906Z,CLOSED,7
391d760f6639fcf6,SYS/ARB,BUY,43037.58180017719,50,0.0000%,2026-01-11T16:24:57.916Z,ACTIVE,18
391d760f6639fcf6,SYS/ARB,BUY,43037.58180017719,50,11.4552%,2026-01-11T16:24:57.916Z,CLOSED,18
f74a07215b6b5d60,SYS/ARB,BUY,43013.677982293935,50,0.0000%,2026-01-11T16:24:58.929Z,ACTIVE,5
f74a07215b6b5d60,SYS/ARB,BUY,43013.677982293935,50,1.6016%,2026-01-11T16:24:58.929Z,CLOSED,5
a4c89e69fe004dff,SYS/ARB,BUY,43010.30879296535,50,0.0000%,2026-01-11T16:24:59.931Z,ACTIVE,5
a4c89e69fe004dff,SYS/ARB,BUY,43010.30879296535,50,3.7433%,2026-01-11T16:24:59.931Z,CLOSED,5
39df4e759f1be14b,SYS/ARB,BUY,43005.44519430882,50,0.0000%,2026-01-11T16:25:00.934Z,ACTIVE,14
39df4e759f1be14b,SYS/ARB,BUY,43005.44519430882,50,10.6477%,2026-01-11T16:25:00.934Z,CLOSED,14
f5b03dccadaf4c3d,SYS/ARB,BUY,43007.90666805603,50,0.0000%,2026-01-11T16:25:01.943Z,ACTIVE,13
f5b03dccadaf4c3d,SYS/ARB,BUY,43007.90666805603,50,4.7561%,2026-01-11T16:25:01.943Z,CLOSED,13
f9a1df1b0aff665c,SYS/ARB,BUY,43028.82940575066,50,0.0000%,2026-01-11T16:25:02.958Z,ACTIVE,5
f9a1df1b0aff665c,SYS/ARB,BUY,43028.82940575066,50,1.6539%,2026-01-11T16:25:02.958Z,CLOSED,5
7c1aeb30ad56ee92,SYS/ARB,BUY,43019.29334355043,50,0.0000%,2026-01-11T16:25:03.960Z,ACTIVE,2
e776999b6fdb69ca,SYS/ARB,BUY,43023.33465868527,50,0.0000%,2026-01-11T16:25:04.968Z,ACTIVE,8
e776999b6fdb69ca,SYS/ARB,BUY,43023.33465868527,50,5.0867%,2026-01-11T16:25:04.968Z,CLOSED,8
5856d94c1c17a875,SYS/ARB,BUY,43003.428478450245,50,0.0000%,2026-01-11T16:25:05.976Z,ACTIVE,14
5856d94c1c17a875,SYS/ARB,BUY,43003.428478450245,50,9.2116%,2026-01-11T16:25:05.976Z,CLOSED,14
adffd7984b6bf615,SYS/ARB,BUY,43024.75752870887,50,0.0000%,2026-01-11T16:25:06.988Z,ACTIVE,14
adffd7984b6bf615,SYS/ARB,BUY,43024.75752870887,50,4.5196%,2026-01-11T16:25:06.988Z,CLOSED,14
c40275b1881854e1,SYS/ARB,BUY,43042.827016726755,50,0.0000%,2026-01-11T16:25:07.999Z,ACTIVE,18
c40275b1881854e1,SYS/ARB,BUY,43042.827016726755,50,11.3182%,2026-01-11T16:25:07.999Z,CLOSED,18
c15d0d1a9e965e83,SYS/ARB,BUY,43040.14492749645,50,0.0000%,2026-01-11T16:25:08.999Z,ACTIVE,10
7c1aeb30ad56ee92,SYS/ARB,BUY,43019.29334355043,50,1.5360%,2026-01-11T16:25:03.960Z,CLOSED,2
c15d0d1a9e965e83,SYS/ARB,BUY,43040.14492749645,50,7.1920%,2026-01-11T16:25:08.999Z,CLOSED,10
328805d52d2ad3bf,SYS/ARB,BUY,43001.92494095697,50,0.0000%,2026-01-11T16:25:10.009Z,ACTIVE,12
328805d52d2ad3bf,SYS/ARB,BUY,43001.92494095697,50,5.4781%,2026-01-11T16:25:10.009Z,CLOSED,12
9a637b76d1836dfa,SYS/ARB,BUY,43009.432165321494,50,0.0000%,2026-01-11T16:25:11.016Z,ACTIVE,14
9a637b76d1836dfa,SYS/ARB,BUY,43009.432165321494,50,6.9000%,2026-01-11T16:25:11.016Z,CLOSED,14
646f0455e4fc6c9e,SYS/ARB,BUY,43044.1237920629,50,0.0000%,2026-01-11T16:25:12.021Z,ACTIVE,10
646f0455e4fc6c9e,SYS/ARB,BUY,43044.1237920629,50,2.5268%,2026-01-11T16:25:12.021Z,CLOSED,10
7e0428bb2dbe2dc0,SYS/ARB,BUY,43026.82530010086,50,0.0000%,2026-01-11T16:25:13.023Z,ACTIVE,10
7e0428bb2dbe2dc0,SYS/ARB,BUY,43026.82530010086,50,7.2123%,2026-01-11T16:25:13.023Z,CLOSED,10
f88ad1f2b781cafa,SYS/ARB,BUY,43038.68349462017,50,0.0000%,2026-01-11T16:25:14.036Z,ACTIVE,8
f88ad1f2b781cafa,SYS/ARB,BUY,43038.68349462017,50,2.3233%,2026-01-11T16:25:14.036Z,CLOSED,8
d90cc6855aebe17c,SYS/ARB,BUY,43004.24900241549,50,0.0000%,2026-01-11T16:25:15.043Z,ACTIVE,10
d90cc6855aebe17c,SYS/ARB,BUY,43004.24900241549,50,3.9731%,2026-01-11T16:25:15.043Z,CLOSED,10
d412e86fb92bb463,SYS/ARB,BUY,43038.87003599154,50,0.0000%,2026-01-11T16:25:16.050Z,ACTIVE,10
d412e86fb92bb463,SYS/ARB,BUY,43038.87003599154,50,3.0249%,2026-01-11T16:25:16.050Z,CLOSED,10
ee70c6d22e7d9907,SYS/ARB,BUY,43017.17045306291,50,0.0000%,2026-01-11T16:25:17.059Z,ACTIVE,3
ee70c6d22e7d9907,SYS/ARB,BUY,43017.17045306291,50,1.7130%,2026-01-11T16:25:17.059Z,CLOSED,3
c581ea2e2bef4f9f,SYS/ARB,BUY,43024.599095216865,50,0.0000%,2026-01-11T16:25:18.069Z,ACTIVE,7
c581ea2e2bef4f9f,SYS/ARB,BUY,43024.599095216865,50,4.9661%,2026-01-11T16:25:18.069Z,CLOSED,7
2007c930c7be0fba,SYS/ARB,BUY,43039.327503489374,50,0.0000%,2026-01-11T16:25:19.084Z,ACTIVE,18
2007c930c7be0fba,SYS/ARB,BUY,43039.327503489374,50,8.1471%,2026-01-11T16:25:19.084Z,CLOSED,18
a3dd5eb3c4366b59,SYS/ARB,BUY,43022.98141798938,50,0.0000%,2026-01-11T16:25:20.099Z,ACTIVE,7
a3dd5eb3c4366b59,SYS/ARB,BUY,43022.98141798938,50,3.8613%,2026-01-11T16:25:20.099Z,CLOSED,7
a89977a516aff618,SYS/ARB,BUY,43040.93062616628,50,0.0000%,2026-01-11T16:25:21.115Z,ACTIVE,2
31fd665467561015,SYS/ARB,BUY,43014.98631562933,50,0.0000%,2026-01-11T16:25:22.119Z,ACTIVE,18
31fd665467561015,SYS/ARB,BUY,43014.98631562933,50,12.7684%,2026-01-11T16:25:22.119Z,CLOSED,18
db6fe548af437ee9,SYS/ARB,BUY,43047.468040948836,50,0.0000%,2026-01-11T16:25:23.134Z,ACTIVE,1
9d7bd2ef01c01aab,SYS/ARB,BUY,43008.73307112664,50,0.0000%,2026-01-11T16:25:24.148Z,ACTIVE,5
9d7bd2ef01c01aab,SYS/ARB,BUY,43008.73307112664,50,3.0097%,2026-01-11T16:25:24.148Z,CLOSED,5
36fc67736b6f9ba5,SYS/ARB,BUY,43049.56046346987,50,0.0000%,2026-01-11T16:25:25.160Z,ACTIVE,17
36fc67736b6f9ba5,SYS/ARB,BUY,43049.56046346987,50,9.7856%,2026-01-11T16:25:25.160Z,CLOSED,17
d75741a297dc5a53,SYS/ARB,BUY,43001.547804726986,50,0.0000%,2026-01-11T16:25:26.165Z,ACTIVE,14
d75741a297dc5a53,SYS/ARB,BUY,43001.547804726986,50,8.5001%,2026-01-11T16:25:26.165Z,CLOSED,14
75ac0c9600a4318b,SYS/ARB,BUY,43035.90154498041,50,0.0000%,2026-01-11T16:25:27.180Z,ACTIVE,20
75ac0c9600a4318b,SYS/ARB,BUY,43035.90154498041,50,14.1731%,2026-01-11T16:25:27.180Z,CLOSED,20
3f9b6a8c861b67d7,SYS/ARB,BUY,43017.59762469008,50,0.0000%,2026-01-11T16:25:28.184Z,ACTIVE,1
b5d73a0ee9e11477,SYS/ARB,BUY,43011.04692763528,50,0.0000%,2026-01-11T17:59:22.758Z,ACTIVE,16
b5d73a0ee9e11477,SYS/ARB,BUY,43011.04692763528,50,5.2999%,2026-01-11T17:59:22.758Z,CLOSED,16
471b70f7f7b391d5,SYS/ARB,BUY,43049.428406915176,50,0.0000%,2026-01-11T17:59:23.772Z,ACTIVE,13
471b70f7f7b391d5,SYS/ARB,BUY,43049.428406915176,50,7.8922%,2026-01-11T17:59:23.772Z,CLOSED,13
f448827fe8c778f8,SYS/ARB,BUY,43008.09880396729,50,0.0000%,2026-01-11T17:59:24.780Z,ACTIVE,12
f448827fe8c778f8,SYS/ARB,BUY,43008.09880396729,50,3.9730%,2026-01-11T17:59:24.780Z,CLOSED,12
1f31154915c7564e,SYS/ARB,BUY,43011.913430321016,50,0.0000%,2026-01-11T17:59:25.792Z,ACTIVE,17
1f31154915c7564e,SYS/ARB,BUY,43011.913430321016,50,6.0802%,2026-01-11T17:59:25.792Z,CLOSED,17
9da4ffba283eda5e,SYS/ARB,BUY,43037.74248662404,50,0.0000%,2026-01-11T17:59:26.799Z,ACTIVE,15
9da4ffba283eda5e,SYS/ARB,BUY,43037.74248662404,50,8.3759%,2026-01-11T17:59:26.799Z,CLOSED,15
7e9d06a9e2a764c3,SYS/ARB,BUY,43021.62838231557,50,0.0000%,2026-01-11T17:59:27.802Z,ACTIVE,17
7e9d06a9e2a764c3,SYS/ARB,BUY,43021.62838231557,50,12.1484%,2026-01-11T17:59:27.802Z,CLOSED,17
4f5db3ce445ec395,SYS/ARB,BUY,43048.63512657446,50,0.0000%,2026-01-11T17:59:28.812Z,ACTIVE,13
4f5db3ce445ec395,SYS/ARB,BUY,43048.63512657446,50,3.7999%,2026-01-11T17:59:28.812Z,CLOSED,13
0b560c7a9f02d812,SYS/ARB,BUY,43019.955882783266,50,0.0000%,2026-01-11T17:59:29.815Z,ACTIVE,9
0b560c7a9f02d812,SYS/ARB,BUY,43019.955882783266,50,2.8993%,2026-01-11T17:59:29.815Z,CLOSED,9
668d6a76a8d69e06,SYS/ARB,BUY,43006.75568092782,50,0.0000%,2026-01-11T17:59:30.826Z,ACTIVE,13
668d6a76a8d69e06,SYS/ARB,BUY,43006.75568092782,50,5.4538%,2026-01-11T17:59:30.826Z,CLOSED,13
aac88b6308a8cc32,SYS/ARB,BUY,43032.823707958116,50,0.0000%,2026-01-11T17:59:31.838Z,ACTIVE,5
aac88b6308a8cc32,SYS/ARB,BUY,43032.823707958116,50,3.3662%,2026-01-11T17:59:31.838Z,CLOSED,5
d59d0ac7136c990c,SYS/ARB,BUY,43029.61740691956,50,0.0000%,2026-01-11T17:59:32.845Z,ACTIVE,5
d59d0ac7136c990c,SYS/ARB,BUY,43029.61740691956,50,1.5434%,2026-01-11T17:59:32.845Z,CLOSED,5
08ef3f02774d7257,SYS/ARB,BUY,43015.83554904324,50,0.0000%,2026-01-11T17:59:33.846Z,ACTIVE,3
08ef3f02774d7257,SYS/ARB,BUY,43015.83554904324,50,2.1527%,2026-01-11T17:59:33.846Z,CLOSED,3
2cc65f4baac316ac,SYS/ARB,BUY,43018.712754755354,50,0.0000%,2026-01-11T17:59:34.853Z,ACTIVE,4
2cc65f4baac316ac,SYS/ARB,BUY,43018.712754755354,50,2.2518%,2026-01-11T17:59:34.853Z,CLOSED,4
776bdfe83b246b32,SYS/ARB,BUY,43032.35226352021,50,0.0000%,2026-01-11T17:59:35.855Z,ACTIVE,17
776bdfe83b246b32,SYS/ARB,BUY,43032.35226352021,50,4.8609%,2026-01-11T17:59:35.855Z,CLOSED,17
5fbab2b779d65ef8,SYS/ARB,BUY,43028.99231369753,50,0.0000%,2026-01-11T17:59:36.869Z,ACTIVE,1
d7f3300af24be899,SYS/ARB,BUY,43048.14773202957,50,0.0000%,2026-01-11T17:59:37.884Z,ACTIVE,1
25763360bbf63ead,SYS/ARB,BUY,43000.186673123615,50,0.0000%,2026-01-11T17:59:38.890Z,ACTIVE,16
25763360bbf63ead,SYS/ARB,BUY,43000.186673123615,50,6.8042%,2026-01-11T17:59:38.890Z,CLOSED,16
792c1ea82c46671e,SYS/ARB,BUY,43047.9711373039,50,0.0000%,2026-01-11T17:59:39.896Z,ACTIVE,5
792c1ea82c46671e,SYS/ARB,BUY,43047.9711373039,50,1.7225%,2026-01-11T17:59:39.896Z,CLOSED,5
43eeb89ea17d58d1,SYS/ARB,BUY,43031.940187511944,50,0.0000%,2026-01-11T17:59:40.912Z,ACTIVE,13
43eeb89ea17d58d1,SYS/ARB,BUY,43031.940187511944,50,7.0735%,2026-01-11T17:59:40.912Z,CLOSED,13
47f0f5301dd6ed2d,SYS/ARB,BUY,43044.03900002825,50,0.0000%,2026-01-11T17:59:41.924Z,ACTIVE,11
47f0f5301dd6ed2d,SYS/ARB,BUY,43044.03900002825,50,3.1368%,2026-01-11T17:59:41.924Z,CLOSED,11
6da26bb9cc6ae405,SYS/ARB,BUY,43024.8366884796,50,0.0000%,2026-01-11T17:59:42.938Z,ACTIVE,11
6da26bb9cc6ae405,SYS/ARB,BUY,43024.8366884796,50,6.3202%,2026-01-11T17:59:42.938Z,CLOSED,11
e14be2df2a34970d,SYS/ARB,BUY,43038.399992918115,50,0.0000%,2026-01-11T17:59:43.940Z,ACTIVE,14
e14be2df2a34970d,SYS/ARB,BUY,43038.399992918115,50,7.7260%,2026-01-11T17:59:43.940Z,CLOSED,14
1c7870e8d2ae1862,SYS/ARB,BUY,43009.04878884217,50,0.0000%,2026-01-11T17:59:44.947Z,ACTIVE,8
1c7870e8d2ae1862,SYS/ARB,BUY,43009.04878884217,50,5.3067%,2026-01-11T17:59:44.947Z,CLOSED,8
f30de9b76cc35351,SYS/ARB,BUY,43004.071363592615,50,0.0000%,2026-01-11T17:59:45.955Z,ACTIVE,20
f30de9b76cc35351,SYS/ARB,BUY,43004.071363592615,50,9.3857%,2026-01-11T17:59:45.955Z,CLOSED,20
ed5b31456365e0f7,SYS/ARB,BUY,43013.60926431024,50,0.0000%,2026-01-11T17:59:46.966Z,ACTIVE,17
ed5b31456365e0f7,SYS/ARB,BUY,43013.60926431024,50,8.6646%,2026-01-11T17:59:46.966Z,CLOSED,17
2b6dddc6d8fb8d89,SYS/ARB,BUY,43030.99442488225,50,0.0000%,2026-01-11T17:59:47.973Z,ACTIVE,12
2b6dddc6d8fb8d89,SYS/ARB,BUY,43030.99442488225,50,7.7086%,2026-01-11T17:59:47.973Z,CLOSED,12
6c2789ba3a527815,SYS/ARB,BUY,43049.33033673355,50,0.0000%,2026-01-11T17:59:48.973Z,ACTIVE,20
6c2789ba3a527815,SYS/ARB,BUY,43049.33033673355,50,11.8532%,2026-01-11T17:59:48.973Z,CLOSED,20
f7a8a44afddeadc3,SYS/ARB,BUY,43044.938307231016,50,0.0000%,2026-01-11T17:59:49.988Z,ACTIVE,12
f7a8a44afddeadc3,SYS/ARB,BUY,43044.938307231016,50,5.1645%,2026-01-11T17:59:49.988Z,CLOSED,12
315f8a6dcf79bdb9,SYS/ARB,BUY,43020.218775638634,50,0.0000%,2026-01-11T17:59:50.999Z,ACTIVE,20
315f8a6dcf79bdb9,SYS/ARB,BUY,43020.218775638634,50,12.7892%,2026-01-11T17:59:50.999Z,CLOSED,20
dc2ef6e9c37f6906,SYS/ARB,BUY,43016.550730301016,50,0.0000%,2026-01-11T17:59:52.006Z,ACTIVE,19
dc2ef6e9c37f6906,SYS/ARB,BUY,43016.550730301016,50,10.9374%,2026-01-11T17:59:52.006Z,CLOSED,19
2eb84bedecb8c78f,SYS/ARB,BUY,43043.856968747,50,0.0000%,2026-01-11T17:59:53.015Z,ACTIVE,8
2eb84bedecb8c78f,SYS/ARB,BUY,43043.856968747,50,2.6170%,2026-01-11T17:59:53.015Z,CLOSED,8
b77c4046482e46fd,SYS/ARB,BUY,43027.867840542734,50,0.0000%,2026-01-11T17:59:54.015Z,ACTIVE,7
b77c4046482e46fd,SYS/ARB,BUY,43027.867840542734,50,2.7590%,2026-01-11T17:59:54.015Z,CLOSED,7
94e94a138bba4cb2,SYS/ARB,BUY,43044.01173634153,50,0.0000%,2026-01-11T17:59:55.022Z,ACTIVE,4
94e94a138bba4cb2,SYS/ARB,BUY,43044.01173634153,50,1.5498%,2026-01-11T17:59:55.022Z,CLOSED,4
120deebaa10556cc,SYS/ARB,BUY,43039.480830576445,50,0.0000%,2026-01-11T17:59:56.024Z,ACTIVE,1
0f0b086f35315695,SYS/ARB,BUY,43047.10155301361,50,0.0000%,2026-01-11T17:59:57.036Z,ACTIVE,3
0f0b086f35315695,SYS/ARB,BUY,43047.10155301361,50,1.6156%,2026-01-11T17:59:57.036Z,CLOSED,3
55e82fbced696f50,SYS/ARB,BUY,43014.76020011725,50,0.0000%,2026-01-11T17:59:58.042Z,ACTIVE,8
55e82fbced696f50,SYS/ARB,BUY,43014.76020011725,50,5.9806%,2026-01-11T17:59:58.042Z,CLOSED,8
7dd47a7282d1139f,SYS/ARB,BUY,43012.691310179456,50,0.0000%,2026-01-11T17:59:59.053Z,ACTIVE,2
cceeb9c1978b9974,SYS/ARB,BUY,43038.26459796314,50,0.0000%,2026-01-11T18:00:00.061Z,ACTIVE,6
cceeb9c1978b9974,SYS/ARB,BUY,43038.26459796314,50,1.8337%,2026-01-11T18:00:00.061Z,CLOSED,6
d98ea244c68b9ece,SYS/ARB,BUY,43048.01231436223,50,0.0000%,2026-01-11T18:00:01.068Z,ACTIVE,13
d98ea244c68b9ece,SYS/ARB,BUY,43048.01231436223,50,3.4895%,2026-01-11T18:00:01.068Z,CLOSED,13
68752267adafb583,SYS/ARB,BUY,43020.248239947025,50,0.0000%,2026-01-11T18:00:02.074Z,ACTIVE,12
68752267adafb583,SYS/ARB,BUY,43020.248239947025,50,5.0949%,2026-01-11T18:00:02.074Z,CLOSED,12
1e669e3a190d2b27,SYS/ARB,BUY,43030.00980147422,50,0.0000%,2026-01-11T18:00:03.079Z,ACTIVE,17
1e669e3a190d2b27,SYS/ARB,BUY,43030.00980147422,50,9.6814%,2026-01-11T18:00:03.079Z,CLOSED,17
8a28a0947a97644f,SYS/ARB,BUY,43001.96155737996,50,0.0000%,2026-01-11T18:00:04.087Z,ACTIVE,15
8a28a0947a97644f,SYS/ARB,BUY,43001.96155737996,50,5.6474%,2026-01-11T18:00:04.087Z,CLOSED,15
7dd47a7282d1139f,SYS/ARB,BUY,43012.691310179456,50,1.5201%,2026-01-11T17:59:59.053Z,CLOSED,2
1616ac311480eef1,SYS/ARB,BUY,43031.70329226698,50,0.0000%,2026-01-11T18:00:05.096Z,ACTIVE,10
1616ac311480eef1,SYS/ARB,BUY,43031.70329226698,50,2.8964%,2026-01-11T18:00:05.096Z,CLOSED,10
4b71d6506acabbc3,SYS/ARB,BUY,43049.92556271854,50,0.0000%,2026-01-11T18:00:06.098Z,ACTIVE,5
4b71d6506acabbc3,SYS/ARB,BUY,43049.92556271854,50,2.7470%,2026-01-11T18:00:06.098Z,CLOSED,5
29abc5ebb3e604a8,SYS/ARB,BUY,43018.448186308946,50,0.0000%,2026-01-11T18:00:07.107Z,ACTIVE,15
29abc5ebb3e604a8,SYS/ARB,BUY,43018.448186308946,50,8.1014%,2026-01-11T18:00:07.107Z,CLOSED,15
6efa552f75cfc943,SYS/ARB,BUY,43002.6573270341,50,0.0000%,2026-01-11T18:00:08.116Z,ACTIVE,20
6efa552f75cfc943,SYS/ARB,BUY,43002.6573270341,50,15.9124%,2026-01-11T18:00:08.116Z,CLOSED,20
445ff1411478f99c,SYS/ARB,BUY,43013.629995854804,50,0.0000%,2026-01-11T18:00:09.119Z,ACTIVE,4
445ff1411478f99c,SYS/ARB,BUY,43013.629995854804,50,2.8793%,2026-01-11T18:00:09.119Z,CLOSED,4
f1fc6577ec42c697,SYS/ARB,BUY,43023.228693428304,50,0.0000%,2026-01-11T18:00:10.126Z,ACTIVE,1
c5d721b9b81f73de,SYS/ARB,BUY,43024.05381164586,50,0.0000%,2026-01-11T18:00:11.128Z,ACTIVE,20
c5d721b9b81f73de,SYS/ARB,BUY,43024.05381164586,50,13.4759%,2026-01-11T18:00:11.128Z,CLOSED,20
4ccab417924361e1,SYS/ARB,BUY,43036.12108455302,50,0.0000%,2026-01-11T18:00:12.139Z,ACTIVE,15
4ccab417924361e1,SYS/ARB,BUY,43036.12108455302,50,8.8126%,2026-01-11T18:00:12.139Z,CLOSED,15
bced089d693914fe,SYS/ARB,BUY,43002.56186344973,50,0.0000%,2026-01-11T18:00:13.148Z,ACTIVE,4
bced089d693914fe,SYS/ARB,BUY,43002.56186344973,50,2.1650%,2026-01-11T18:00:13.148Z,CLOSED,4
69f330ec0707bca4,SYS/ARB,BUY,43034.35413291919,50,0.0000%,2026-01-11T18:00:14.158Z,ACTIVE,4
69f330ec0707bca4,SYS/ARB,BUY,43034.35413291919,50,2.5243%,2026-01-11T18:00:14.158Z,CLOSED,4
f6fb937790680b82,SYS/ARB,BUY,43003.27645753268,50,0.0000%,2026-01-11T18:00:15.161Z,ACTIVE,13
f6fb937790680b82,SYS/ARB,BUY,43003.27645753268,50,6.7784%,2026-01-11T18:00:15.161Z,CLOSED,13
50986200e53c667a,SYS/ARB,BUY,43000.51951862699,50,0.0000%,2026-01-11T18:00:16.171Z,ACTIVE,2
50986200e53c667a,SYS/ARB,BUY,43000.51951862699,50,1.5328%,2026-01-11T18:00:16.171Z,CLOSED,2
5f5830d2473e5927,SYS/ARB,BUY,43029.115107339065,50,0.0000%,2026-01-11T18:00:17.178Z,ACTIVE,1
